ID,Family
ACM1_421_433,BARK1
ACM1_421_433,PKCA
ACM1_421_433,FRAY
ACM1_421_433,PDHK
ACM1_421_433,VRK2
ACM1_444_456,BARK1
ACM1_444_456,CDK
ACM1_444_456,CK1
ACM1_444_456,DAPK
ACM1_444_456,DMPK
ACM1_444_456,DYRK
ACM1_444_456,ERK
ACM1_444_456,GSK
ACM1_444_456,IRAK
ACM1_444_456,JNK
ACM1_444_456,MLCK
ACM1_444_456,P38
ACM1_444_456,PDK1
ACM1_444_456,PEK
ACM1_444_456,PHK
ACM1_444_456,PIM
ACM1_444_456,PKCA
ACM1_444_456,RSK
ACM1_444_456,VRK2
ACM4_456_468,BARK1
ACM4_456_468,FRAY
ACM4_456_468,MELK
ACM4_456_468,PDHK
ACM4_456_468,PDK1
ACM4_456_468,PIM
ACM4_456_468,PKCA
ACM4_456_468,PKCH
ACM4_456_468,VRK2
ACM5_494_506,BARK1
ACM5_494_506,FRAY
ACM5_494_506,PDHK
ACM5_494_506,PDK1
ACM5_494_506,PEK
ACM5_494_506,PKCA
ACM5_494_506,VRK2
ACM5_494_506,WNK
ACM5_498_510,BARK1
ACM5_498_510,FRAY
ACM5_498_510,MLK
ACM5_498_510,PDHK
ACM5_498_510,PDK1
ACM5_498_510,PEK
ACM5_498_510,PKCA
ACM5_498_510,PKCH
ACM5_498_510,VRK2
ADDB_696_708,BARK1
ADDB_696_708,CDK
ADDB_696_708,CK1
ADDB_696_708,DMPK
ADDB_696_708,DYRK
ADDB_696_708,ERK
ADDB_696_708,GSK
ADDB_696_708,IKK
ADDB_696_708,JNK
ADDB_696_708,MELK
ADDB_696_708,MST
ADDB_696_708,NEK
ADDB_696_708,P38
ADDB_696_708,PDK1
ADDB_696_708,PEK
ADDB_696_708,PKCA
ADDB_696_708,PKCH
ADDB_696_708,PLK
ADDB_696_708,QIK
ADDB_696_708,RIPK
ADDB_696_708,STE7
ADDB_696_708,VRK1
ADDB_696_708,VRK2
ADDB_706_718,BARK1
ADDB_706_718,CDK
ADDB_706_718,CHK1
ADDB_706_718,DMPK
ADDB_706_718,DYRK
ADDB_706_718,ERK
ADDB_706_718,JNK
ADDB_706_718,MAPKAPK
ADDB_706_718,MST
ADDB_706_718,NEK
ADDB_706_718,P38
ADDB_706_718,PAKA
ADDB_706_718,PDHK
ADDB_706_718,PDK1
ADDB_706_718,PEK
ADDB_706_718,PHK
ADDB_706_718,PIM
ADDB_706_718,PKCA
ADDB_706_718,PLK
ADDB_706_718,RAD53
ADDB_706_718,RSK
ADDB_706_718,VRK2
ADRB2_338_350,AKT
ADRB2_338_350,BARK1
ADRB2_338_350,CAMK1
ADRB2_338_350,CDK
ADRB2_338_350,CHK1
ADRB2_338_350,DMPK
ADRB2_338_350,GRK
ADRB2_338_350,PAKA
ADRB2_338_350,PKA
ADRB2_338_350,PKCA
ADRB2_338_350,PKCI
ADRB2_338_350,PKG
ADRB2_338_350,RAD53
ADRB2_338_350,RSK
ADRB2_338_350,VRK2
AKT1_301_313,BARK1
AKT1_301_313,CAMK2
AKT1_301_313,CAMKK
AKT1_301_313,CDK
AKT1_301_313,DYRK
AKT1_301_313,ERK
AKT1_301_313,GSK
AKT1_301_313,IKK
AKT1_301_313,JNK
AKT1_301_313,LKB
AKT1_301_313,MST
AKT1_301_313,MTOR
AKT1_301_313,P38
AKT1_301_313,PDHK
AKT1_301_313,PDK1
AKT1_301_313,PEK
AKT1_301_313,PKCA
AKT1_301_313,PKD
AKT1_301_313,PLK
AKT1_301_313,RIPK
AKT1_301_313,STE11
AKT1_301_313,STE7
AKT1_301_313,VRK2
ANDR_785_797,AKT
ANDR_785_797,ATR
ANDR_785_797,BARK1
ANDR_785_797,DMPK
ANDR_785_797,PHK
ANDR_785_797,PIM
ANDR_785_797,PKA
ANDR_785_797,PKD
ANDR_785_797,RAF
ANDR_785_797,RSK
ANDR_785_797,VRK2
ANXA1_209_221,AKT
ANXA1_209_221,BARK1
ANXA1_209_221,DMPK
ANXA1_209_221,PHK
ANXA1_209_221,PKA
ANXA1_209_221,PKCA
ANXA1_209_221,PKG
ANXA1_209_221,RSK
ANXA1_209_221,VRK2
ATF2_47_59,BARK1
ATF2_47_59,CDK
ATF2_47_59,CK1
ATF2_47_59,DYRK
ATF2_47_59,ERK
ATF2_47_59,GRK
ATF2_47_59,GSK
ATF2_47_59,JNK
ATF2_47_59,MST
ATF2_47_59,MTOR
ATF2_47_59,NMO
ATF2_47_59,P38
ATF2_47_59,PDK1
ATF2_47_59,PEK
ATF2_47_59,PKCA
ATF2_47_59,PLK
ATF2_47_59,QIK
ATF2_47_59,STE7
ATF2_47_59,TTK
ATF2_47_59,VRK1
ATF2_47_59,VRK2
ATM_1972_1984,AMPK
ATM_1972_1984,ATM
ATM_1972_1984,ATR
ATM_1972_1984,BARK1
ATM_1972_1984,CDK
ATM_1972_1984,CK1
ATM_1972_1984,CK2
ATM_1972_1984,DMPK
ATM_1972_1984,IKK
ATM_1972_1984,JNK
ATM_1972_1984,MELK
ATM_1972_1984,MST
ATM_1972_1984,NEK
ATM_1972_1984,NUAK
ATM_1972_1984,PDHK
ATM_1972_1984,PEK
ATM_1972_1984,PHK
ATM_1972_1984,PKCA
ATM_1972_1984,PLK
ATM_1972_1984,PRKDC
ATM_1972_1984,QIK
ATM_1972_1984,RIPK
ATM_1972_1984,STE7
ATM_1972_1984,ULK
ATM_1972_1984,VRK2
BAD_69_81,AKT
BAD_69_81,BARK1
BAD_69_81,CDK
BAD_69_81,DMPK
BAD_69_81,ERK
BAD_69_81,MELK
BAD_69_81,MTOR
BAD_69_81,PAKA
BAD_69_81,PAKB
BAD_69_81,PDHK
BAD_69_81,PDK1
BAD_69_81,PEK
BAD_69_81,PHK
BAD_69_81,PIM
BAD_69_81,PKA
BAD_69_81,PKCA
BAD_69_81,PKCI
BAD_69_81,PKD
BAD_69_81,PKG
BAD_69_81,QIK
BAD_69_81,RAD53
BAD_69_81,RAF
BAD_69_81,RSK
BAD_69_81,SGK
BAD_69_81,VRK2
BAD_93_105,AKT
BAD_93_105,BARK1
BAD_93_105,DMPK
BAD_93_105,MAPKAPK
BAD_93_105,PAKA
BAD_93_105,PHK
BAD_93_105,PIM
BAD_93_105,PKA
BAD_93_105,PKCA
BAD_93_105,PKCI
BAD_93_105,PKD
BAD_93_105,PKG
BAD_93_105,QIK
BAD_93_105,RAF
BAD_93_105,RSK
BAD_93_105,SGK
BAD_93_105,VRK2
BAD_112_124,AMPK
BAD_112_124,BARK1
BAD_112_124,CK1
BAD_112_124,DMPK
BAD_112_124,FRAY
BAD_112_124,IRAK
BAD_112_124,NEK
BAD_112_124,PAKA
BAD_112_124,PDHK
BAD_112_124,PEK
BAD_112_124,PHK
BAD_112_124,PIM
BAD_112_124,PKA
BAD_112_124,PKCA
BAD_112_124,PKCI
BAD_112_124,PKD
BAD_112_124,PKG
BAD_112_124,QIK
BAD_112_124,RAF
BAD_112_124,RSK
BAD_112_124,STE7
BAD_112_124,VRK2
BCKD_45_57,AKT
BCKD_45_57,BARK1
BCKD_45_57,CDK
BCKD_45_57,DMPK
BCKD_45_57,FRAY
BCKD_45_57,GRK
BCKD_45_57,IKK
BCKD_45_57,MAPKAPK
BCKD_45_57,MELK
BCKD_45_57,MLCK
BCKD_45_57,MST
BCKD_45_57,PAKA
BCKD_45_57,PDHK
BCKD_45_57,PDK1
BCKD_45_57,PEK
BCKD_45_57,PHK
BCKD_45_57,PIM
BCKD_45_57,PKA
BCKD_45_57,PKCA
BCKD_45_57,PKG
BCKD_45_57,PLK
BCKD_45_57,QIK
BCKD_45_57,RSK
BCKD_45_57,SGK
BCKD_45_57,STE7
BCKD_45_57,VRK2
BRCA1_1451_1463,ATM
BRCA1_1451_1463,ATR
BRCA1_1451_1463,BARK1
BRCA1_1451_1463,CDK
BRCA1_1451_1463,CK1
BRCA1_1451_1463,DMPK
BRCA1_1451_1463,ERK
BRCA1_1451_1463,IKK
BRCA1_1451_1463,JNK
BRCA1_1451_1463,PDHK
BRCA1_1451_1463,PEK
BRCA1_1451_1463,PHK
BRCA1_1451_1463,PKCA
BRCA1_1451_1463,PLK
BRCA1_1451_1463,PRKDC
BRCA1_1451_1463,QIK
BRCA1_1451_1463,RIPK
BRCA1_1451_1463,STE7
BRCA1_1451_1463,VRK2
C1R_201_213,BARK1
C1R_201_213,CDK
C1R_201_213,CK1
C1R_201_213,CK2
C1R_201_213,DMPK
C1R_201_213,DYRK
C1R_201_213,ERK
C1R_201_213,IRAK
C1R_201_213,JNK
C1R_201_213,P38
C1R_201_213,PDHK
C1R_201_213,PEK
C1R_201_213,PHK
C1R_201_213,PKCA
C1R_201_213,PLK
C1R_201_213,QIK
C1R_201_213,STE7
C1R_201_213,STKR
C1R_201_213,VRK2
CA2D1_494_506,BARK1
CA2D1_494_506,DMPK
CA2D1_494_506,DYRK
CA2D1_494_506,ERK
CA2D1_494_506,PAKA
CA2D1_494_506,PEK
CA2D1_494_506,PKCA
CA2D1_494_506,PKCH
CA2D1_494_506,PKN
CA2D1_494_506,RAD53
CA2D1_494_506,VRK2
CAC1C_1974_1986,BARK1
CAC1C_1974_1986,CAMK1
CAC1C_1974_1986,MAPKAPK
CAC1C_1974_1986,PDHK
CAC1C_1974_1986,PHK
CAC1C_1974_1986,PIM
CAC1C_1974_1986,PKCA
CAC1C_1974_1986,PKD
CAC1C_1974_1986,PKG
CAC1C_1974_1986,QIK
CAC1C_1974_1986,RAD53
CAC1C_1974_1986,RIPK
CAC1C_1974_1986,RSK
CAC1C_1974_1986,VRK2
CD27_212_224,AKT
CD27_212_224,BARK1
CD27_212_224,CDK
CD27_212_224,DMPK
CD27_212_224,ERK
CD27_212_224,IKK
CD27_212_224,JNK
CD27_212_224,P38
CD27_212_224,PDHK
CD27_212_224,PEK
CD27_212_224,PHK
CD27_212_224,PIM
CD27_212_224,PKCA
CD27_212_224,PKD
CD27_212_224,QIK
CD27_212_224,RSK
CD27_212_224,VRK2
CDC2_154_169,BARK1
CDC2_154_169,CDK
CDC2_154_169,COT
CDC2_154_169,PEK
CDC2_154_169,PKG
CDC2_154_169,RSK
CDC2_154_169,STE7
CDC2_154_169,VRK2
CDK7_163_175,BARK1
CDK7_163_175,CDK
CDK7_163_175,DMPK
CDK7_163_175,DYRK
CDK7_163_175,FRAY
CDK7_163_175,JNK
CDK7_163_175,MAPKAPK
CDK7_163_175,MST
CDK7_163_175,MTOR
CDK7_163_175,P38
CDK7_163_175,PDK1
CDK7_163_175,PEK
CDK7_163_175,PHK
CDK7_163_175,PIM
CDK7_163_175,PKCA
CDK7_163_175,PKCI
CDK7_163_175,PRKDC
CDK7_163_175,QIK
CDK7_163_175,STE7
CDK7_163_175,VRK2
CDN1A_139_151,AKT
CDN1A_139_151,BARK1
CDN1A_139_151,CDK
CDN1A_139_151,DAPK
CDN1A_139_151,DMPK
CDN1A_139_151,IKK
CDN1A_139_151,MELK
CDN1A_139_151,NDR
CDN1A_139_151,PEK
CDN1A_139_151,PHK
CDN1A_139_151,PIM
CDN1A_139_151,PKCA
CDN1A_139_151,PKD
CDN1A_139_151,RIPK
CDN1A_139_151,RSK
CDN1A_139_151,STE7
CDN1A_139_151,VRK2
CDN1B_151_163,AKT
CDN1B_151_163,ATR
CDN1B_151_163,BARK1
CDN1B_151_163,CAMK1
CDN1B_151_163,CAMK2
CDN1B_151_163,CDK
CDN1B_151_163,CK1
CDN1B_151_163,IKK
CDN1B_151_163,NAK
CDN1B_151_163,NEK
CDN1B_151_163,P38
CDN1B_151_163,PDHK
CDN1B_151_163,PEK
CDN1B_151_163,PHK
CDN1B_151_163,PIM
CDN1B_151_163,PKCA
CDN1B_151_163,PLK
CDN1B_151_163,QIK
CDN1B_151_163,RAF
CDN1B_151_163,RSK
CDN1B_151_163,SGK
CDN1B_151_163,STE7
CDN1B_151_163,VRK2
CENPA_1_14,AUR
CENPA_1_14,BARK1
CENPA_1_14,DMPK
CENPA_1_14,MAPKAPK
CENPA_1_14,PIM
CENPA_1_14,PKCA
CENPA_1_14,PKG
CENPA_1_14,VRK2
CFTR_730_742,AMPK
CFTR_730_742,BARK1
CFTR_730_742,CAMK2
CFTR_730_742,CDK
CFTR_730_742,DAPK
CFTR_730_742,DYRK
CFTR_730_742,GRK
CFTR_730_742,IKK
CFTR_730_742,MAPKAPK
CFTR_730_742,PAKA
CFTR_730_742,PDHK
CFTR_730_742,PEK
CFTR_730_742,PHK
CFTR_730_742,PKA
CFTR_730_742,PKCA
CFTR_730_742,PKD
CFTR_730_742,PKG
CFTR_730_742,QIK
CFTR_730_742,RAD53
CFTR_730_742,RSK
CFTR_730_742,VRK2
CFTR_761_773,AMPK
CFTR_761_773,BARK1
CFTR_761_773,DMPK
CFTR_761_773,IKK
CFTR_761_773,PAKA
CFTR_761_773,PHK
CFTR_761_773,PKA
CFTR_761_773,PKCA
CFTR_761_773,PKD
CFTR_761_773,PKG
CFTR_761_773,QIK
CFTR_761_773,RSK
CFTR_761_773,VRK2
CGHB_109_121,AKT
CGHB_109_121,BARK1
CGHB_109_121,CAMK2
CGHB_109_121,DMPK
CGHB_109_121,IKK
CGHB_109_121,MTOR
CGHB_109_121,PDHK
CGHB_109_121,PDK1
CGHB_109_121,PEK
CGHB_109_121,PKA
CGHB_109_121,PKCA
CGHB_109_121,PKG
CGHB_109_121,RSK
CGHB_109_121,VRK2
COF1_17_29,AKT
COF1_17_29,BARK1
COF1_17_29,CDK
COF1_17_29,CK1
COF1_17_29,DMPK
COF1_17_29,DYRK
COF1_17_29,ERK
COF1_17_29,IKK
COF1_17_29,MAPKAPK
COF1_17_29,MST
COF1_17_29,P38
COF1_17_29,PDK1
COF1_17_29,PHK
COF1_17_29,PIM
COF1_17_29,PKCA
COF1_17_29,PKG
COF1_17_29,PLK
COF1_17_29,QIK
COF1_17_29,RAF
COF1_17_29,RIPK
COF1_17_29,RSK
COF1_17_29,VRK2
CREB1_126_138,AMPK
CREB1_126_138,ATM
CREB1_126_138,BARK1
CREB1_126_138,CAMK1
CREB1_126_138,CAMK2
CREB1_126_138,COT
CREB1_126_138,DMPK
CREB1_126_138,DYRK
CREB1_126_138,GSK
CREB1_126_138,MAPKAPK
CREB1_126_138,PDHK
CREB1_126_138,PHK
CREB1_126_138,PIM
CREB1_126_138,PKA
CREB1_126_138,PKCA
CREB1_126_138,PKCD
CREB1_126_138,PKCH
CREB1_126_138,PKD
CREB1_126_138,QIK
CREB1_126_138,RAD53
CREB1_126_138,RSK
CREB1_126_138,SGK
CREB1_126_138,VRK2
CSF1R_701_713,AMPK
CSF1R_701_713,BARK1
CSF1R_701_713,CDK
CSF1R_701_713,CK1
CSF1R_701_713,DMPK
CSF1R_701_713,PDHK
CSF1R_701_713,PEK
CSF1R_701_713,PIM
CSF1R_701_713,PKA
CSF1R_701_713,PKCA
CSF1R_701_713,PKG
CSF1R_701_713,RSK
CSF1R_701_713,VRK2
CSK21_355_367,BARK1
CSK21_355_367,CDK
CSK21_355_367,CK1
CSK21_355_367,DYRK
CSK21_355_367,ERK
CSK21_355_367,IKK
CSK21_355_367,JNK
CSK21_355_367,MTOR
CSK21_355_367,P38
CSK21_355_367,PDK1
CSK21_355_367,PHK
CSK21_355_367,PLK
CSK21_355_367,QIK
CSK21_355_367,RAF
CSK21_355_367,RSK
CSK21_355_367,STE7
CSK21_355_367,VRK2
DCX_49_61,BARK1
DCX_49_61,CDK
DCX_49_61,CK1
DCX_49_61,ERK
DCX_49_61,MAPKAPK
DCX_49_61,PEK
DCX_49_61,PIM
DCX_49_61,PKCA
DCX_49_61,PKCH
DCX_49_61,QIK
DCX_49_61,RSK
DCX_49_61,VRK2
DESP_2842_2854,AMPK
DESP_2842_2854,BARK1
DESP_2842_2854,CAMK1
DESP_2842_2854,CDK
DESP_2842_2854,CK1
DESP_2842_2854,DMPK
DESP_2842_2854,GSK
DESP_2842_2854,IKK
DESP_2842_2854,MAPKAPK
DESP_2842_2854,P38
DESP_2842_2854,PDHK
DESP_2842_2854,PDK1
DESP_2842_2854,PEK
DESP_2842_2854,PHK
DESP_2842_2854,PIM
DESP_2842_2854,PKA
DESP_2842_2854,PKCA
DESP_2842_2854,PKG
DESP_2842_2854,QIK
DESP_2842_2854,RIPK
DESP_2842_2854,RSK
DESP_2842_2854,SGK
DESP_2842_2854,STE11
DESP_2842_2854,STE7
DESP_2842_2854,VRK2
E1A_ADE05_212_224,BARK1
E1A_ADE05_212_224,CDK
E1A_ADE05_212_224,DMPK
E1A_ADE05_212_224,DYRK
E1A_ADE05_212_224,IKK
E1A_ADE05_212_224,P38
E1A_ADE05_212_224,PDK1
E1A_ADE05_212_224,PEK
E1A_ADE05_212_224,PHK
E1A_ADE05_212_224,PKCA
E1A_ADE05_212_224,PKD
E1A_ADE05_212_224,QIK
E1A_ADE05_212_224,RAD53
E1A_ADE05_212_224,RAF
E1A_ADE05_212_224,VRK2
ELK1_356_368,BARK1
ELK1_356_368,CDK
ELK1_356_368,DYRK
ELK1_356_368,ERK
ELK1_356_368,FRAY
ELK1_356_368,JNK
ELK1_356_368,LKB
ELK1_356_368,NMO
ELK1_356_368,P38
ELK1_356_368,PDK1
ELK1_356_368,PEK
ELK1_356_368,STE7
ELK1_356_368,VRK2
ELK1_410_422,BARK1
ELK1_410_422,CDK
ELK1_410_422,CK1
ELK1_410_422,DYRK
ELK1_410_422,ERK
ELK1_410_422,JNK
ELK1_410_422,MAPKAPK
ELK1_410_422,NMO
ELK1_410_422,P38
ELK1_410_422,PDK1
ELK1_410_422,PEK
ELK1_410_422,PHK
ELK1_410_422,PKCA
ELK1_410_422,PLK
ELK1_410_422,QIK
ELK1_410_422,STE7
ELK1_410_422,STKR
ELK1_410_422,VRK2
EPB42_241_253,BARK1
EPB42_241_253,DMPK
EPB42_241_253,PHK
EPB42_241_253,PIM
EPB42_241_253,PKA
EPB42_241_253,PKCA
EPB42_241_253,PKG
EPB42_241_253,RAD53
EPB42_241_253,RSK
EPB42_241_253,VRK2
ERBB2_679_691,BARK1
ERBB2_679_691,DMPK
ERBB2_679_691,PHK
ERBB2_679_691,PIM
ERBB2_679_691,PKA
ERBB2_679_691,PKCA
ERBB2_679_691,PKCD
ERBB2_679_691,PKCH
ERBB2_679_691,PKG
ERBB2_679_691,RSK
ERBB2_679_691,VRK2
ERF_519_531,BARK1
ERF_519_531,CDK
ERF_519_531,CHK1
ERF_519_531,DAPK
ERF_519_531,DMPK
ERF_519_531,DYRK
ERF_519_531,ERK
ERF_519_531,IRAK
ERF_519_531,MST
ERF_519_531,P38
ERF_519_531,PDK1
ERF_519_531,PEK
ERF_519_531,PIM
ERF_519_531,PKA
ERF_519_531,PKCA
ERF_519_531,PKG
ERF_519_531,RAD53
ERF_519_531,RSK
ERF_519_531,VRK2
ESR1_160_172,AKT
ESR1_160_172,AUR
ESR1_160_172,BARK1
ESR1_160_172,CK2
ESR1_160_172,DMPK
ESR1_160_172,IKK
ESR1_160_172,PEK
ESR1_160_172,PHK
ESR1_160_172,PIM
ESR1_160_172,PKCA
ESR1_160_172,RSK
ESR1_160_172,STE11
ESR1_160_172,STE7
ESR1_160_172,VRK2
F263_454_466,AKT
F263_454_466,AMPK
F263_454_466,BARK1
F263_454_466,CDK
F263_454_466,CHK1
F263_454_466,DMPK
F263_454_466,DYRK
F263_454_466,ERK
F263_454_466,GSK
F263_454_466,MAPKAPK
F263_454_466,PDK1
F263_454_466,PEK
F263_454_466,PHK
F263_454_466,PKA
F263_454_466,PKCA
F263_454_466,PKD
F263_454_466,QIK
F263_454_466,RSK
F263_454_466,VRK2
FIBA_569_581,BARK1
FIBA_569_581,CDK
FIBA_569_581,CK1
FIBA_569_581,DAPK
FIBA_569_581,DMPK
FIBA_569_581,ERK
FIBA_569_581,GSK
FIBA_569_581,HAL
FIBA_569_581,IKK
FIBA_569_581,JNK
FIBA_569_581,MLCK
FIBA_569_581,MST
FIBA_569_581,PDHK
FIBA_569_581,PEK
FIBA_569_581,PHK
FIBA_569_581,PIM
FIBA_569_581,PKA
FIBA_569_581,PKCA
FIBA_569_581,PKG
FIBA_569_581,PLK
FIBA_569_581,QIK
FIBA_569_581,RAF
FIBA_569_581,RIPK
FIBA_569_581,RSK
FIBA_569_581,SGK
FIBA_569_581,STE7
FIBA_569_581,VRK2
FOXO3_25_37,AKT
FOXO3_25_37,BARK1
FOXO3_25_37,CDK
FOXO3_25_37,ERK
FOXO3_25_37,MAPKAPK
FOXO3_25_37,P38
FOXO3_25_37,PHK
FOXO3_25_37,PIM
FOXO3_25_37,PKCA
FOXO3_25_37,QIK
FOXO3_25_37,RAF
FOXO3_25_37,RSK
FOXO3_25_37,SGK
FOXO3_25_37,VRK2
FRAP_2443_2455,AKT
FRAP_2443_2455,AMPK
FRAP_2443_2455,BARK1
FRAP_2443_2455,CK1
FRAP_2443_2455,DAPK
FRAP_2443_2455,DMPK
FRAP_2443_2455,MAPKAPK
FRAP_2443_2455,MELK
FRAP_2443_2455,MLK
FRAP_2443_2455,MSN
FRAP_2443_2455,MTOR
FRAP_2443_2455,NEK
FRAP_2443_2455,PDHK
FRAP_2443_2455,PDK1
FRAP_2443_2455,PEK
FRAP_2443_2455,PHK
FRAP_2443_2455,PIM
FRAP_2443_2455,PKA
FRAP_2443_2455,PKCA
FRAP_2443_2455,QIK
FRAP_2443_2455,RSK
FRAP_2443_2455,SGK
FRAP_2443_2455,TAO
FRAP_2443_2455,VRK2
FRAP_2475_2487,BARK1
FRAP_2475_2487,CDK
FRAP_2475_2487,CK1
FRAP_2475_2487,MTOR
FRAP_2475_2487,P38
FRAP_2475_2487,PDHK
FRAP_2475_2487,PDK1
FRAP_2475_2487,PEK
FRAP_2475_2487,PHK
FRAP_2475_2487,PKCA
FRAP_2475_2487,PLK
FRAP_2475_2487,RSK
FRAP_2475_2487,STE11
FRAP_2475_2487,VRK2
GBRB2_427_439,AMPK
GBRB2_427_439,BARK1
GBRB2_427_439,CDK
GBRB2_427_439,DMPK
GBRB2_427_439,MAPKAPK
GBRB2_427_439,MST
GBRB2_427_439,PAKA
GBRB2_427_439,PEK
GBRB2_427_439,PHK
GBRB2_427_439,PKCA
GBRB2_427_439,PKD
GBRB2_427_439,QIK
GBRB2_427_439,RSK
GBRB2_427_439,STE7
GBRB2_427_439,VRK2
GPR6_349_361,AKT
GPR6_349_361,BARK1
GPR6_349_361,CDK
GPR6_349_361,CK1
GPR6_349_361,DMPK
GPR6_349_361,DYRK
GPR6_349_361,ERK
GPR6_349_361,IKK
GPR6_349_361,JNK
GPR6_349_361,MAPKAPK
GPR6_349_361,MELK
GPR6_349_361,P38
GPR6_349_361,PDK1
GPR6_349_361,PEK
GPR6_349_361,PHK
GPR6_349_361,PKCA
GPR6_349_361,QIK
GPR6_349_361,RAF
GPR6_349_361,RSK
GPR6_349_361,SGK
GPR6_349_361,VRK2
GPSM2_394_406,AMPK
GPSM2_394_406,BARK1
GPSM2_394_406,CAMK1
GPSM2_394_406,CHK1
GPSM2_394_406,DMPK
GPSM2_394_406,IKK
GPSM2_394_406,MAPKAPK
GPSM2_394_406,MARK
GPSM2_394_406,PHK
GPSM2_394_406,PKCA
GPSM2_394_406,PKD
GPSM2_394_406,VRK2
GRIK2_708_720,AUR
GRIK2_708_720,BARK1
GRIK2_708_720,CDK
GRIK2_708_720,DMPK
GRIK2_708_720,IKK
GRIK2_708_720,MAPKAPK
GRIK2_708_720,MLK
GRIK2_708_720,PAKA
GRIK2_708_720,PDHK
GRIK2_708_720,PEK
GRIK2_708_720,PHK
GRIK2_708_720,PIM
GRIK2_708_720,PKA
GRIK2_708_720,PKCA
GRIK2_708_720,PKCD
GRIK2_708_720,PKD
GRIK2_708_720,PLK
GRIK2_708_720,QIK
GRIK2_708_720,VRK2
GSUB_61_73,BARK1
GSUB_61_73,CDK
GSUB_61_73,DAPK
GSUB_61_73,DMPK
GSUB_61_73,DYRK
GSUB_61_73,ERK
GSUB_61_73,PDK1
GSUB_61_73,PHK
GSUB_61_73,PKA
GSUB_61_73,PKG
GSUB_61_73,PLK
GSUB_61_73,VRK2
GYS2_1_13,AKT
GYS2_1_13,BARK1
GYS2_1_13,CDK
GYS2_1_13,DMPK
GYS2_1_13,IKK
GYS2_1_13,MAPKAPK
GYS2_1_13,MTOR
GYS2_1_13,PEK
GYS2_1_13,PHK
GYS2_1_13,PKA
GYS2_1_13,PKCA
GYS2_1_13,QIK
GYS2_1_13,RSK
GYS2_1_13,SGK
GYS2_1_13,VRK2
H2B1B_ 27_40,AKT
H2B1B_ 27_40,AMPK
H2B1B_ 27_40,BARK1
H2B1B_ 27_40,CAMK1
H2B1B_ 27_40,CDK
H2B1B_ 27_40,COT
H2B1B_ 27_40,DAPK
H2B1B_ 27_40,DMPK
H2B1B_ 27_40,IKK
H2B1B_ 27_40,MLK
H2B1B_ 27_40,MST
H2B1B_ 27_40,PAKA
H2B1B_ 27_40,PAKB
H2B1B_ 27_40,PDHK
H2B1B_ 27_40,PEK
H2B1B_ 27_40,PHK
H2B1B_ 27_40,PIM
H2B1B_ 27_40,PKA
H2B1B_ 27_40,PKCA
H2B1B_ 27_40,PKCH
H2B1B_ 27_40,PKD
H2B1B_ 27_40,PKG
H2B1B_ 27_40,PLK
H2B1B_ 27_40,QIK
H2B1B_ 27_40,RAD53
H2B1B_ 27_40,RSK
H2B1B_ 27_40,SGK
H2B1B_ 27_40,VRK2
H32_3_18,AMPK
H32_3_18,ATR
H32_3_18,AUR
H32_3_18,BARK1
H32_3_18,DAPK
H32_3_18,DMPK
H32_3_18,DYRK
H32_3_18,MLK
H32_3_18,MST
H32_3_18,MTOR
H32_3_18,PHK
H32_3_18,PIM
H32_3_18,PKCA
H32_3_18,PKCD
H32_3_18,PRKDC
H32_3_18,QIK
H32_3_18,RAD53
H32_3_18,RSK
H32_3_18,STE7
H32_3_18,VRK1
H32_3_18,VRK2
IF4E_203_215,BARK1
IF4E_203_215,CDK
IF4E_203_215,DMPK
IF4E_203_215,ERK
IF4E_203_215,GRK
IF4E_203_215,IKK
IF4E_203_215,LKB
IF4E_203_215,MAPKAPK
IF4E_203_215,MLK
IF4E_203_215,P38
IF4E_203_215,PEK
IF4E_203_215,PKCA
IF4E_203_215,QIK
IF4E_203_215,RIPK
IF4E_203_215,STKR
IF4E_203_215,VRK1
IF4E_203_215,VRK2
IKBA_26_38,BARK1
IKBA_26_38,CDK
IKBA_26_38,CK1
IKBA_26_38,CK2
IKBA_26_38,DAPK
IKBA_26_38,ERK
IKBA_26_38,IKK
IKBA_26_38,NEK
IKBA_26_38,NIK
IKBA_26_38,PEK
IKBA_26_38,PKCA
IKBA_26_38,RSK
IKBA_26_38,SGK
IKBA_26_38,STKR
IKBA_26_38,VRK2
IKKB_173_185_C179A,BARK1
IKKB_173_185_C179A,CK1
IKKB_173_185_C179A,ERK
IKKB_173_185_C179A,FRAY
IKKB_173_185_C179A,IKK
IKKB_173_185_C179A,LKB
IKKB_173_185_C179A,MST
IKKB_173_185_C179A,PDHK
IKKB_173_185_C179A,PDK1
IKKB_173_185_C179A,PEK
IKKB_173_185_C179A,PKCA
IKKB_173_185_C179A,STE11
IKKB_173_185_C179A,STE7
IKKB_173_185_C179A,TLK
IKKB_173_185_C179A,VRK2
IKKB_686_698,ATR
IKKB_686_698,BARK1
IKKB_686_698,CDK
IKKB_686_698,CK1
IKKB_686_698,DMPK
IKKB_686_698,ERK
IKKB_686_698,FRAY
IKKB_686_698,GRK
IKKB_686_698,IKK
IKKB_686_698,JNK
IKKB_686_698,P38
IKKB_686_698,PAKA
IKKB_686_698,PDHK
IKKB_686_698,PEK
IKKB_686_698,PHK
IKKB_686_698,PKCA
IKKB_686_698,PKD
IKKB_686_698,PLK
IKKB_686_698,PRKDC
IKKB_686_698,QIK
IKKB_686_698,RAD53
IKKB_686_698,RAF
IKKB_686_698,RIPK
IKKB_686_698,VRK2
K6PL_766_778,BARK1
K6PL_766_778,AKT
K6PL_766_778,CAMK2
K6PL_766_778,CDK
K6PL_766_778,MAPKAPK
K6PL_766_778,MARK
K6PL_766_778,MOS
K6PL_766_778,PEK
K6PL_766_778,PHK
K6PL_766_778,PKA
K6PL_766_778,PKCA
K6PL_766_778,PKG
K6PL_766_778,RAD53
K6PL_766_778,RSK
K6PL_766_778,VRK2
KAP2_92_104,BARK1
KAP2_92_104,CDK
KAP2_92_104,CK2
KAP2_92_104,DMPK
KAP2_92_104,ERK
KAP2_92_104,GSK
KAP2_92_104,MAPKAPK
KAP2_92_104,PDHK
KAP2_92_104,PEK
KAP2_92_104,PHK
KAP2_92_104,PIM
KAP2_92_104,PKA
KAP2_92_104,PKCA
KAP2_92_104,PKD
KAP2_92_104,PKG
KAP2_92_104,QIK
KAP2_92_104,RIPK
KAP2_92_104,RSK
KAP2_92_104,VRK2
KAP3_107_119,AKT
KAP3_107_119,AUR
KAP3_107_119,BARK1
KAP3_107_119,DMPK
KAP3_107_119,MAPKAPK
KAP3_107_119,PDHK
KAP3_107_119,PHK
KAP3_107_119,PKA
KAP3_107_119,PKCA
KAP3_107_119,RIPK
KAP3_107_119,VRK2
KAPCG_192_206,BARK1
KAPCG_192_206,CAMK2
KAPCG_192_206,CDK
KAPCG_192_206,DMPK
KAPCG_192_206,DYRK
KAPCG_192_206,ERK
KAPCG_192_206,GSK
KAPCG_192_206,IKK
KAPCG_192_206,IRAK
KAPCG_192_206,LKB
KAPCG_192_206,MELK
KAPCG_192_206,MST
KAPCG_192_206,MTOR
KAPCG_192_206,PDHK
KAPCG_192_206,PDK1
KAPCG_192_206,PHK
KAPCG_192_206,PIM
KAPCG_192_206,PKCH
KAPCG_192_206,VRK2
KCC2G_278_289,BARK1
KCC2G_278_289,CAMK2
KCC2G_278_289,CDK
KCC2G_278_289,CK1
KCC2G_278_289,MAPKAPK
KCC2G_278_289,MELK
KCC2G_278_289,MLCK
KCC2G_278_289,PEK
KCC2G_278_289,PHK
KCC2G_278_289,PIM
KCC2G_278_289,PKCA
KCC2G_278_289,PKCI
KCC2G_278_289,PLK
KCC2G_278_289,QIK
KCC2G_278_289,RSK
KCC2G_278_289,SGK
KCC2G_278_289,VRK2
KCNA1_438_450,AKT
KCNA1_438_450,AMPK
KCNA1_438_450,BARK1
KCNA1_438_450,CAMK1
KCNA1_438_450,CDK
KCNA1_438_450,CK1
KCNA1_438_450,DAPK
KCNA1_438_450,DMPK
KCNA1_438_450,ERK
KCNA1_438_450,GRK
KCNA1_438_450,IKK
KCNA1_438_450,JNK
KCNA1_438_450,MAPKAPK
KCNA1_438_450,MELK
KCNA1_438_450,NEK
KCNA1_438_450,P38
KCNA1_438_450,PDHK
KCNA1_438_450,PEK
KCNA1_438_450,PHK
KCNA1_438_450,PKA
KCNA1_438_450,PKCA
KCNA1_438_450,PKD
KCNA1_438_450,PLK
KCNA1_438_450,QIK
KCNA1_438_450,RAD53
KCNA1_438_450,RIPK
KCNA1_438_450,RSK
KCNA1_438_450,SGK
KCNA1_438_450,STE7
KCNA1_438_450,STKR
KCNA1_438_450,VRK2
KCNA2_442_454,AKT
KCNA2_442_454,AMPK
KCNA2_442_454,BARK1
KCNA2_442_454,CAMK1
KCNA2_442_454,CAMK2
KCNA2_442_454,CDK
KCNA2_442_454,CHK1
KCNA2_442_454,CK1
KCNA2_442_454,DMPK
KCNA2_442_454,IKK
KCNA2_442_454,JNK
KCNA2_442_454,MAPKAPK
KCNA2_442_454,NEK
KCNA2_442_454,P38
KCNA2_442_454,PDHK
KCNA2_442_454,PEK
KCNA2_442_454,PHK
KCNA2_442_454,PIM
KCNA2_442_454,PKCA
KCNA2_442_454,PKD
KCNA2_442_454,QIK
KCNA2_442_454,RAD53
KCNA2_442_454,RIPK
KCNA2_442_454,RSK
KCNA2_442_454,SGK
KCNA2_442_454,STKR
KCNA2_442_454,VRK2
KCNA3_461_473,AKT
KCNA3_461_473,AMPK
KCNA3_461_473,BARK1
KCNA3_461_473,CAMK1
KCNA3_461_473,CDK
KCNA3_461_473,CHK1
KCNA3_461_473,CK1
KCNA3_461_473,DMPK
KCNA3_461_473,IKK
KCNA3_461_473,JNK
KCNA3_461_473,KHS
KCNA3_461_473,MAPKAPK
KCNA3_461_473,MARK
KCNA3_461_473,MST
KCNA3_461_473,P38
KCNA3_461_473,PAKA
KCNA3_461_473,PDHK
KCNA3_461_473,PDK1
KCNA3_461_473,PEK
KCNA3_461_473,PHK
KCNA3_461_473,PKA
KCNA3_461_473,PKCA
KCNA3_461_473,PKD
KCNA3_461_473,PKG
KCNA3_461_473,PLK
KCNA3_461_473,QIK
KCNA3_461_473,RAD53
KCNA3_461_473,RSK
KCNA3_461_473,STE7
KCNA3_461_473,VRK2
KCNA6_504_516,BARK1
KCNA6_504_516,CDK
KCNA6_504_516,DAPK
KCNA6_504_516,DMPK
KCNA6_504_516,DYRK
KCNA6_504_516,ERK
KCNA6_504_516,FRAY
KCNA6_504_516,GSK
KCNA6_504_516,JNK
KCNA6_504_516,NMO
KCNA6_504_516,PDHK
KCNA6_504_516,PDK1
KCNA6_504_516,PEK
KCNA6_504_516,PHK
KCNA6_504_516,PIM
KCNA6_504_516,PKCA
KCNA6_504_516,PKD
KCNA6_504_516,PKG
KCNA6_504_516,PLK
KCNA6_504_516,RSK
KCNA6_504_516,STE7
KCNA6_504_516,VRK2
KCNB1_489_501,AMPK
KCNB1_489_501,BARK1
KCNB1_489_501,CAMK1
KCNB1_489_501,CAMK2
KCNB1_489_501,CDK
KCNB1_489_501,CHK1
KCNB1_489_501,CK1
KCNB1_489_501,CK2
KCNB1_489_501,DAPK
KCNB1_489_501,DMPK
KCNB1_489_501,GRK
KCNB1_489_501,IKK
KCNB1_489_501,MAPKAPK
KCNB1_489_501,MELK
KCNB1_489_501,MLCK
KCNB1_489_501,MLK
KCNB1_489_501,MST
KCNB1_489_501,NAK
KCNB1_489_501,NEK
KCNB1_489_501,PDHK
KCNB1_489_501,PEK
KCNB1_489_501,PHK
KCNB1_489_501,PIM
KCNB1_489_501,PKA
KCNB1_489_501,PKCA
KCNB1_489_501,PKCD
KCNB1_489_501,PKD
KCNB1_489_501,QIK
KCNB1_489_501,RIPK
KCNB1_489_501,RSK
KCNB1_489_501,SGK
KCNB1_489_501,STE7
KCNB1_489_501,STKR
KCNB1_489_501,VRK2
KIF2C_105_118_S106G,BARK1
KIF2C_105_118_S106G,CAMK2
KIF2C_105_118_S106G,CDK
KIF2C_105_118_S106G,DMPK
KIF2C_105_118_S106G,FRAY
KIF2C_105_118_S106G,IKK
KIF2C_105_118_S106G,MELK
KIF2C_105_118_S106G,NEK
KIF2C_105_118_S106G,PAKA
KIF2C_105_118_S106G,PDHK
KIF2C_105_118_S106G,PEK
KIF2C_105_118_S106G,PHK
KIF2C_105_118_S106G,PKCA
KIF2C_105_118_S106G,PKD
KIF2C_105_118_S106G,QIK
KIF2C_105_118_S106G,RIPK
KIF2C_105_118_S106G,RSK
KIF2C_105_118_S106G,VRK2
KIF11_919_931,BARK1
KIF11_919_931,CDK
KIF11_919_931,DMPK
KIF11_919_931,DYRK
KIF11_919_931,ERK
KIF11_919_931,GSK
KIF11_919_931,IKK
KIF11_919_931,JNK
KIF11_919_931,P38
KIF11_919_931,PDHK
KIF11_919_931,PDK1
KIF11_919_931,PEK
KIF11_919_931,PIM
KIF11_919_931,PKCA
KIF11_919_931,PKG
KIF11_919_931,PLK
KIF11_919_931,STE7
KIF11_919_931,VRK2
KPB1_1011_1023,BARK1
KPB1_1011_1023,CDK
KPB1_1011_1023,CK1
KPB1_1011_1023,DMPK
KPB1_1011_1023,IKK
KPB1_1011_1023,P38
KPB1_1011_1023,PAKA
KPB1_1011_1023,PDHK
KPB1_1011_1023,PEK
KPB1_1011_1023,PHK
KPB1_1011_1023,PIM
KPB1_1011_1023,PKA
KPB1_1011_1023,PKCA
KPB1_1011_1023,PKD
KPB1_1011_1023,RIPK
KPB1_1011_1023,RSK
KPB1_1011_1023,SGK
KPB1_1011_1023,VRK2
KPCB_19_31_A25S,BARK1
KPCB_19_31_A25S,DMPK
KPCB_19_31_A25S,MAPKAPK
KPCB_19_31_A25S,PKCA
KPCB_19_31_A25S,PKD
KPCB_19_31_A25S,VRK2
KPCB_626_639,BARK1
KPCB_626_639,PDHK
KPCB_626_639,STE7
KPCB_626_639,VRK2
KS6A1_374_386,BARK1
KS6A1_374_386,COT
KS6A1_374_386,FRAY
KS6A1_374_386,MAPKAPK
KS6A1_374_386,MSN
KS6A1_374_386,MTOR
KS6A1_374_386,PDHK
KS6A1_374_386,PDK1
KS6A1_374_386,PEK
KS6A1_374_386,PHK
KS6A1_374_386,PIM
KS6A1_374_386,PKCA
KS6A1_374_386,RAD53
KS6A1_374_386,RSK
KS6A1_374_386,STE7
KS6A1_374_386,VRK2
LIPS_944_956,AMPK
LIPS_944_956,ATR
LIPS_944_956,BARK1
LIPS_944_956,CDK
LIPS_944_956,DMPK
LIPS_944_956,ERK
LIPS_944_956,NDR
LIPS_944_956,PDHK
LIPS_944_956,PEK
LIPS_944_956,PIM
LIPS_944_956,PKA
LIPS_944_956,PKCA
LIPS_944_956,PKG
LIPS_944_956,PRKDC
LIPS_944_956,RAF
LIPS_944_956,RSK
LIPS_944_956,STE7
LIPS_944_956,VRK2
LMNA_192_204,BARK1
LMNA_192_204,DMPK
LMNA_192_204,MAPKAPK
LMNA_192_204,MELK
LMNA_192_204,PHK
LMNA_192_204,PIM
LMNA_192_204,PKCA
LMNA_192_204,VRK2
LMNB1_16_28,BARK1
LMNB1_16_28,CDK
LMNB1_16_28,DMPK
LMNB1_16_28,DYRK
LMNB1_16_28,ERK
LMNB1_16_28,GSK
LMNB1_16_28,IKK
LMNB1_16_28,IRAK
LMNB1_16_28,JNK
LMNB1_16_28,MLK
LMNB1_16_28,NMO
LMNB1_16_28,P38
LMNB1_16_28,PDK1
LMNB1_16_28,PEK
LMNB1_16_28,PIM
LMNB1_16_28,PKCA
LMNB1_16_28,PKG
LMNB1_16_28,RSK
LMNB1_16_28,STE7
LMNB1_16_28,VRK2
MARCS_152_164,BARK1
MARCS_152_164,CDK
MARCS_152_164,DAPK
MARCS_152_164,DMPK
MARCS_152_164,ERK
MARCS_152_164,JNK
MARCS_152_164,P38
MARCS_152_164,PAKA
MARCS_152_164,PDHK
MARCS_152_164,PDK1
MARCS_152_164,PEK
MARCS_152_164,PHK
MARCS_152_164,PKA
MARCS_152_164,PKCA
MARCS_152_164,PKCH
MARCS_152_164,PKCI
MARCS_152_164,PKD
MARCS_152_164,PKG
MARCS_152_164,PKN
MARCS_152_164,RAD53
MARCS_152_164,VRK2
MARCS_160_172,BARK1
MARCS_160_172,CDK
MARCS_160_172,DMPK
MARCS_160_172,ERK
MARCS_160_172,JNK
MARCS_160_172,MLK
MARCS_160_172,P38
MARCS_160_172,PDHK
MARCS_160_172,PDK1
MARCS_160_172,PEK
MARCS_160_172,PKCA
MARCS_160_172,RAD53
MARCS_160_172,RIPK
MARCS_160_172,VRK2
MBP_222_234,BARK1
MBP_222_234,CDK
MBP_222_234,DYRK
MBP_222_234,ERK
MBP_222_234,GSK
MBP_222_234,JNK
MBP_222_234,MTOR
MBP_222_234,PDK1
MBP_222_234,PEK
MBP_222_234,VRK2
MK10_214_226,AKT
MK10_214_226,BARK1
MK10_214_226,CDK
MK10_214_226,DYRK
MK10_214_226,ERK
MK10_214_226,FRAY
MK10_214_226,IRAK
MK10_214_226,JNK
MK10_214_226,LKB
MK10_214_226,MST
MK10_214_226,MTOR
MK10_214_226,NMO
MK10_214_226,P38
MK10_214_226,PDHK
MK10_214_226,PDK1
MK10_214_226,PEK
MK10_214_226,PHK
MK10_214_226,PIM
MK10_214_226,PKCA
MK10_214_226,PRKDC
MK10_214_226,QIK
MK10_214_226,RSK
MK10_214_226,STE7
MK10_214_226,VRK2
MP2K1_281_293,BARK1
MP2K1_281_293,CDK
MP2K1_281_293,DAPK
MP2K1_281_293,DMPK
MP2K1_281_293,DYRK
MP2K1_281_293,ERK
MP2K1_281_293,JNK
MP2K1_281_293,MTOR
MP2K1_281_293,P38
MP2K1_281_293,PDK1
MP2K1_281_293,PEK
MP2K1_281_293,PKCA
MP2K1_281_293,STE11
MP2K1_281_293,STE7
MP2K1_281_293,VRK2
MP2K1_287_299,BARK1
MP2K1_287_299,CDK
MP2K1_287_299,DMPK
MP2K1_287_299,DYRK
MP2K1_287_299,ERK
MP2K1_287_299,JNK
MP2K1_287_299,MAPKAPK
MP2K1_287_299,P38
MP2K1_287_299,PAKA
MP2K1_287_299,PDHK
MP2K1_287_299,PDK1
MP2K1_287_299,PEK
MP2K1_287_299,PHK
MP2K1_287_299,PIM
MP2K1_287_299,PKCA
MP2K1_287_299,PKD
MP2K1_287_299,STE7
MP2K1_287_299,VRK2
MPH6_140_152,BARK1
MPH6_140_152,CDK
MPH6_140_152,DYRK
MPH6_140_152,P38
MPH6_140_152,PDK1
MPH6_140_152,PLK
MPH6_140_152,STE7
MPH6_140_152,VRK2
MPIP1_172_184,ATR
MPIP1_172_184,BARK1
MPIP1_172_184,CHK1
MPIP1_172_184,DMPK
MPIP1_172_184,MAPKAPK
MPIP1_172_184,PHK
MPIP1_172_184,PIM
MPIP1_172_184,PKCA
MPIP1_172_184,PRKDC
MPIP1_172_184,QIK
MPIP1_172_184,RAD53
MPIP1_172_184,RAF
MPIP1_172_184,RSK
MPIP1_172_184,VRK2
MPIP3_208_220,BARK1
MPIP3_208_220,BRSK
MPIP3_208_220,CAMK1
MPIP3_208_220,CDK
MPIP3_208_220,CHK1
MPIP3_208_220,DMPK
MPIP3_208_220,DYRK
MPIP3_208_220,ERK
MPIP3_208_220,IKK
MPIP3_208_220,JNK
MPIP3_208_220,MAPKAPK
MPIP3_208_220,MARK
MPIP3_208_220,MELK
MPIP3_208_220,P38
MPIP3_208_220,PDK1
MPIP3_208_220,PEK
MPIP3_208_220,PHK
MPIP3_208_220,PKCA
MPIP3_208_220,QIK
MPIP3_208_220,RAD53
MPIP3_208_220,RIPK
MPIP3_208_220,VRK2
MYBB_513_525,BARK1
MYBB_513_525,CDK
MYBB_513_525,DMPK
MYBB_513_525,DYRK
MYBB_513_525,ERK
MYBB_513_525,FRAY
MYBB_513_525,IKK
MYBB_513_525,JNK
MYBB_513_525,P38
MYBB_513_525,PDK1
MYBB_513_525,PEK
MYBB_513_525,PLK
MYBB_513_525,STE7
MYBB_513_525,VRK2
MYC_51_63,BARK1
MYC_51_63,CDK
MYC_51_63,DYRK
MYC_51_63,ERK
MYC_51_63,GSK
MYC_51_63,IRAK
MYC_51_63,JNK
MYC_51_63,MTOR
MYC_51_63,NMO
MYC_51_63,PDK1
MYC_51_63,PEK
MYC_51_63,PLK
MYC_51_63,TLK
MYC_51_63,VRK2
MYPC3_268_280,AUR
MYPC3_268_280,BARK1
MYPC3_268_280,DMPK
MYPC3_268_280,IKK
MYPC3_268_280,MLK
MYPC3_268_280,MTOR
MYPC3_268_280,PEK
MYPC3_268_280,PHK
MYPC3_268_280,PKA
MYPC3_268_280,PKCA
MYPC3_268_280,PKG
MYPC3_268_280,QIK
MYPC3_268_280,RIPK
MYPC3_268_280,RSK
MYPC3_268_280,VRK2
NCF1_296_308,BARK1
NCF1_296_308,BARK2
NCF1_296_308,AKT
NCF1_296_308,DMPK
NCF1_296_308,IKK
NCF1_296_308,MELK
NCF1_296_308,NEK
NCF1_296_308,PAKA
NCF1_296_308,PEK
NCF1_296_308,PHK
NCF1_296_308,PIM
NCF1_296_308,PKA
NCF1_296_308,PKCA
NCF1_296_308,PKCD
NCF1_296_308,PKCH
NCF1_296_308,PKCI
NCF1_296_308,PKD
NCF1_296_308,VRK2
NCF1_321_333,AKT
NCF1_321_333,BARK1
NCF1_321_333,DMPK
NCF1_321_333,IRAK
NCF1_321_333,PHK
NCF1_321_333,PKA
NCF1_321_333,PKCA
NCF1_321_333,PKCD
NCF1_321_333,QIK
NCF1_321_333,VRK2
NEK2_172_184,BARK1
NEK2_172_184,CAMK1
NEK2_172_184,CAMK2
NEK2_172_184,CDK
NEK2_172_184,DYRK
NEK2_172_184,ERK
NEK2_172_184,FRAY
NEK2_172_184,LKB
NEK2_172_184,MELK
NEK2_172_184,MST
NEK2_172_184,MTOR
NEK2_172_184,NEK
NEK2_172_184,P38
NEK2_172_184,PDHK
NEK2_172_184,PDK1
NEK2_172_184,PEK
NEK2_172_184,PKCA
NEK2_172_184,PKCH
NEK2_172_184,RSK
NEK2_172_184,STE11
NEK2_172_184,STE7
NEK2_172_184,VRK2
NEK3_158_170,BARK1
NEK3_158_170,CAMK2
NEK3_158_170,DYRK
NEK3_158_170,ERK
NEK3_158_170,LKB
NEK3_158_170,MST
NEK3_158_170,NEK
NEK3_158_170,PDHK
NEK3_158_170,PDK1
NEK3_158_170,PEK
NEK3_158_170,PKCH
NEK3_158_170,STE11
NEK3_158_170,STE7
NEK3_158_170,VRK2
NFKB1_330_342,BARK1
NFKB1_330_342,CDK
NFKB1_330_342,DMPK
NFKB1_330_342,IKK
NFKB1_330_342,MAPKAPK
NFKB1_330_342,PAKA
NFKB1_330_342,PDHK
NFKB1_330_342,PEK
NFKB1_330_342,PIM
NFKB1_330_342,PKA
NFKB1_330_342,PKCA
NFKB1_330_342,PKG
NFKB1_330_342,PLK
NFKB1_330_342,STE7
NFKB1_330_342,VRK2
NMDZ1_890_902,BARK1
NMDZ1_890_902,AKT
NMDZ1_890_902,AMPK
NMDZ1_890_902,AUR
NMDZ1_890_902,CAMK1
NMDZ1_890_902,CDK
NMDZ1_890_902,CHK1
NMDZ1_890_902,DAPK
NMDZ1_890_902,DMPK
NMDZ1_890_902,FRAY
NMDZ1_890_902,GRK
NMDZ1_890_902,IKK
NMDZ1_890_902,MELK
NMDZ1_890_902,MLK
NMDZ1_890_902,MSN
NMDZ1_890_902,MST
NMDZ1_890_902,MTOR
NMDZ1_890_902,PAKA
NMDZ1_890_902,PDHK
NMDZ1_890_902,PDK1
NMDZ1_890_902,PEK
NMDZ1_890_902,PHK
NMDZ1_890_902,PIM
NMDZ1_890_902,PKA
NMDZ1_890_902,PKCA
NMDZ1_890_902,PKCI
NMDZ1_890_902,PKD
NMDZ1_890_902,PKG
NMDZ1_890_902,PLK
NMDZ1_890_902,QIK
NMDZ1_890_902,RAD53
NMDZ1_890_902,RAF
NMDZ1_890_902,RIPK
NMDZ1_890_902,RSK
NMDZ1_890_902,SGK
NMDZ1_890_902,STE7
NMDZ1_890_902,VRK2
NOS3_1171_1183,AKT
NOS3_1171_1183,AMPK
NOS3_1171_1183,BARK1
NOS3_1171_1183,CDK
NOS3_1171_1183,CK1
NOS3_1171_1183,DMPK
NOS3_1171_1183,MELK
NOS3_1171_1183,PDHK
NOS3_1171_1183,PDK1
NOS3_1171_1183,PEK
NOS3_1171_1183,PHK
NOS3_1171_1183,PIM
NOS3_1171_1183,PKA
NOS3_1171_1183,PKCA
NOS3_1171_1183,PKG
NOS3_1171_1183,QIK
NOS3_1171_1183,RAD53
NOS3_1171_1183,RIPK
NOS3_1171_1183,RSK
NOS3_1171_1183,SGK
NOS3_1171_1183,VRK2
NR4A1_344_356,AKT
NR4A1_344_356,BARK1
NR4A1_344_356,CDK
NR4A1_344_356,DMPK
NR4A1_344_356,PHK
NR4A1_344_356,PIM
NR4A1_344_356,PKA
NR4A1_344_356,PKCA
NR4A1_344_356,RAF
NR4A1_344_356,RSK
NR4A1_344_356,VRK2
NTRK3_824_836,BARK1
NTRK3_824_836,CDK
NTRK3_824_836,DYRK
NTRK3_824_836,IRAK
NTRK3_824_836,PDK1
NTRK3_824_836,VRK2
P53_12_24,AMPK
P53_12_24,ATM
P53_12_24,ATR
P53_12_24,BARK1
P53_12_24,BUD32
P53_12_24,CDK
P53_12_24,CHK1
P53_12_24,CK1
P53_12_24,DAPK
P53_12_24,DYRK
P53_12_24,ERK
P53_12_24,IKK
P53_12_24,JNK
P53_12_24,LKB
P53_12_24,MAPKAPK
P53_12_24,MLK
P53_12_24,MST
P53_12_24,NUAK
P53_12_24,P38
P53_12_24,PDHK
P53_12_24,PEK
P53_12_24,PHK
P53_12_24,PLK
P53_12_24,PRKDC
P53_12_24,RAD53
P53_12_24,TTK
P53_12_24,VRK1
P53_12_24,VRK2
P53_308_323,AUR
P53_308_323,BARK1
P53_308_323,CAMK1
P53_308_323,CDK
P53_308_323,DYRK
P53_308_323,ERK
P53_308_323,IKK
P53_308_323,JNK
P53_308_323,P38
P53_308_323,PKCA
P53_308_323,PLK
P53_308_323,QIK
P53_308_323,STE7
P53_308_323,VRK2
PDE5A_95_107,BARK1
PDE5A_95_107,CDK
PDE5A_95_107,DMPK
PDE5A_95_107,DYRK
PDE5A_95_107,ERK
PDE5A_95_107,GRK
PDE5A_95_107,JNK
PDE5A_95_107,MAPKAPK
PDE5A_95_107,P38
PDE5A_95_107,PDK1
PDE5A_95_107,PEK
PDE5A_95_107,PHK
PDE5A_95_107,PIM
PDE5A_95_107,PKA
PDE5A_95_107,PKCA
PDE5A_95_107,PKG
PDE5A_95_107,QIK
PDE5A_95_107,SGK
PDE5A_95_107,STE7
PDE5A_95_107,VRK2
PDPK1_27_39,BARK1
PDPK1_27_39,CDK
PDPK1_27_39,CK1
PDPK1_27_39,DMPK
PDPK1_27_39,DYRK
PDPK1_27_39,ERK
PDPK1_27_39,GRK
PDPK1_27_39,GSK
PDPK1_27_39,IKK
PDPK1_27_39,JNK
PDPK1_27_39,MELK
PDPK1_27_39,MLK
PDPK1_27_39,MTOR
PDPK1_27_39,NEK
PDPK1_27_39,PDHK
PDPK1_27_39,PDK1
PDPK1_27_39,PEK
PDPK1_27_39,PHK
PDPK1_27_39,PKCA
PDPK1_27_39,PKD
PDPK1_27_39,PLK
PDPK1_27_39,QIK
PDPK1_27_39,RAF
PDPK1_27_39,RIPK
PDPK1_27_39,RSK
PDPK1_27_39,STE11
PDPK1_27_39,STE7
PDPK1_27_39,VRK2
PLEK_106_118,AUR
PLEK_106_118,BARK1
PLEK_106_118,CDK
PLEK_106_118,CK1
PLEK_106_118,DMPK
PLEK_106_118,MST
PLEK_106_118,PEK
PLEK_106_118,PKCA
PLEK_106_118,PKCD
PLEK_106_118,PKCH
PLEK_106_118,PLK
PLEK_106_118,VRK2
PLM_76_88,BARK1
PLM_76_88,CDK
PLM_76_88,DMPK
PLM_76_88,IKK
PLM_76_88,PAKA
PLM_76_88,PDHK
PLM_76_88,PDK1
PLM_76_88,PEK
PLM_76_88,PIM
PLM_76_88,PKA
PLM_76_88,PKCA
PLM_76_88,PKD
PLM_76_88,PKG
PLM_76_88,PLK
PLM_76_88,RAD53
PLM_76_88,RIPK
PLM_76_88,RSK
PLM_76_88,STE7
PLM_76_88,VRK2
PP2AB_297_309,BARK1
PP2AB_297_309,BARK2
PP2AB_297_309,CDK
PP2AB_297_309,DYRK
PP2AB_297_309,JNK
PP2AB_297_309,VRK2
PPR1A_28_40,AKT
PPR1A_28_40,BARK1
PPR1A_28_40,CDK
PPR1A_28_40,DAPK
PPR1A_28_40,DMPK
PPR1A_28_40,DYRK
PPR1A_28_40,GSK
PPR1A_28_40,JNK
PPR1A_28_40,P38
PPR1A_28_40,PDK1
PPR1A_28_40,PEK
PPR1A_28_40,PHK
PPR1A_28_40,PKA
PPR1A_28_40,RSK
PPR1A_28_40,VRK2
PRKDC_2618_2630,ATR
PRKDC_2618_2630,BARK1
PRKDC_2618_2630,BARK2
PRKDC_2618_2630,CK1
PRKDC_2618_2630,DMPK
PRKDC_2618_2630,IKK
PRKDC_2618_2630,MELK
PRKDC_2618_2630,MLK
PRKDC_2618_2630,MTOR
PRKDC_2618_2630,NEK
PRKDC_2618_2630,P38
PRKDC_2618_2630,PHK
PRKDC_2618_2630,PIM
PRKDC_2618_2630,PKA
PRKDC_2618_2630,PKCA
PRKDC_2618_2630,PKG
PRKDC_2618_2630,PRKDC
PRKDC_2618_2630,PLK
PRKDC_2618_2630,QIK
PRKDC_2618_2630,SGK
PRKDC_2618_2630,STE7
PRKDC_2618_2630,VRK2
PTK6_436_448,AKT
PTK6_436_448,BARK1
PTK6_436_448,CAMK1
PTK6_436_448,CDK
PTK6_436_448,CK1
PTK6_436_448,DMPK
PTK6_436_448,MAPKAPK
PTK6_436_448,MELK
PTK6_436_448,P38
PTK6_436_448,PAKA
PTK6_436_448,PDHK
PTK6_436_448,PDK1
PTK6_436_448,PEK
PTK6_436_448,PHK
PTK6_436_448,PIM
PTK6_436_448,PKA
PTK6_436_448,PKCA
PTK6_436_448,PKCD
PTK6_436_448,PKCI
PTK6_436_448,PKD
PTK6_436_448,PKG
PTK6_436_448,QIK
PTK6_436_448,RAD53
PTK6_436_448,RSK
PTK6_436_448,STE7
PTK6_436_448,VRK2
PTN12_32_44,BARK1
PTN12_32_44,CDK
PTN12_32_44,DMPK
PTN12_32_44,FRAY
PTN12_32_44,MAPKAPK
PTN12_32_44,MLK
PTN12_32_44,PAKA
PTN12_32_44,PDHK
PTN12_32_44,PEK
PTN12_32_44,PHK
PTN12_32_44,PIM
PTN12_32_44,PKA
PTN12_32_44,PKCA
PTN12_32_44,PKCD
PTN12_32_44,PKD
PTN12_32_44,PKG
PTN12_32_44,QIK
PTN12_32_44,RAD53
PTN12_32_44,RSK
PTN12_32_44,VRK2
PYGL_8_20,BARK1
PYGL_8_20,DMPK
PYGL_8_20,IKK
PYGL_8_20,MAPKAPK
PYGL_8_20,MELK
PYGL_8_20,PHK
PYGL_8_20,PKCA
PYGL_8_20,PKCD
PYGL_8_20,PKD
PYGL_8_20,PLK
PYGL_8_20,RSK
PYGL_8_20,VRK2
RAB1A_187_199,BARK1
RAB1A_187_199,CDK
RAB1A_187_199,CK1
RAB1A_187_199,DAPK
RAB1A_187_199,DMPK
RAB1A_187_199,DYRK
RAB1A_187_199,ERK
RAB1A_187_199,JNK
RAB1A_187_199,MTOR
RAB1A_187_199,PDK1
RAB1A_187_199,PEK
RAB1A_187_199,PHK
RAB1A_187_199,PIM
RAB1A_187_199,PKCA
RAB1A_187_199,PLK
RAB1A_187_199,QIK
RAB1A_187_199,VRK2
RADI_559_569,BARK1
RADI_559_569,COT
RADI_559_569,DMPK
RADI_559_569,MSN
RADI_559_569,MST
RADI_559_569,PHK
RADI_559_569,PIM
RADI_559_569,PKCA
RADI_559_569,SLK
RADI_559_569,VRK2
RAF1_253_265,AKT
RAF1_253_265,AMPK
RAF1_253_265,BARK1
RAF1_253_265,CAMK1
RAF1_253_265,CDK
RAF1_253_265,DAPK
RAF1_253_265,DMPK
RAF1_253_265,DYRK
RAF1_253_265,ERK
RAF1_253_265,JNK
RAF1_253_265,MAPKAPK
RAF1_253_265,MARK
RAF1_253_265,NDR
RAF1_253_265,P38
RAF1_253_265,PAKA
RAF1_253_265,PDK1
RAF1_253_265,PHK
RAF1_253_265,PKA
RAF1_253_265,PKCA
RAF1_253_265,PDHK
RAF1_253_265,QIK
RAF1_253_265,RAF
RAF1_253_265,RIPK
RAF1_253_265,RSK
RAF1_253_265,SGK
RAF1_253_265,VRK2
RAP1B_172_184,AKT
RAP1B_172_184,AMPK
RAP1B_172_184,BARK1
RAP1B_172_184,CDK
RAP1B_172_184,DMPK
RAP1B_172_184,IKK
RAP1B_172_184,MAPKAPK
RAP1B_172_184,PDHK
RAP1B_172_184,PEK
RAP1B_172_184,PHK
RAP1B_172_184,PIM
RAP1B_172_184,PKA
RAP1B_172_184,PKCA
RAP1B_172_184,PKG
RAP1B_172_184,QIK
RAP1B_172_184,RAD53
RAP1B_172_184,RSK
RAP1B_172_184,VRK2
RB_242_254,BARK1
RB_242_254,CDK
RB_242_254,DYRK
RB_242_254,ERK
RB_242_254,IRAK
RB_242_254,P38
RB_242_254,PDK1
RB_242_254,PEK
RB_242_254,PKCA
RB_242_254,PLK
RB_242_254,VRK2
RB_350_362,ATR
RB_350_362,BARK1
RB_350_362,CDK
RB_350_362,DMPK
RB_350_362,DYRK
RB_350_362,PDHK
RB_350_362,PDK1
RB_350_362,PEK
RB_350_362,PHK
RB_350_362,PIM
RB_350_362,PKCA
RB_350_362,PRKDC
RB_350_362,QIK
RB_350_362,RSK
RB_350_362,VRK2
RB_774_786,AUR
RB_774_786,BARK1
RB_774_786,CDK
RB_774_786,DMPK
RB_774_786,DYRK
RB_774_786,ERK
RB_774_786,GSK
RB_774_786,JNK
RB_774_786,MLK
RB_774_786,P38
RB_774_786,PHK
RB_774_786,PKA
RB_774_786,PKCA
RB_774_786,PLK
RB_774_786,QIK
RB_774_786,RAF
RB_774_786,VRK2
RB_803_815,BARK1
RB_803_815,CDK
RB_803_815,CK1
RB_803_815,DYRK
RB_803_815,ERK
RB_803_815,JNK
RB_803_815,QIK
RB_803_815,VRK2
RBL2_632_644,BARK1
RBL2_632_644,CDK
RBL2_632_644,DYRK
RBL2_632_644,ERK
RBL2_632_644,IKK
RBL2_632_644,IRAK
RBL2_632_644,JNK
RBL2_632_644,NEK
RBL2_632_644,P38
RBL2_632_644,PDK1
RBL2_632_644,PEK
RBL2_632_644,PLK
RBL2_632_644,VRK2
RBL2_655_667,BARK1
RBL2_655_667,CDK
RBL2_655_667,CK1
RBL2_655_667,DMPK
RBL2_655_667,DYRK
RBL2_655_667,ERK
RBL2_655_667,FRAY
RBL2_655_667,GSK
RBL2_655_667,IKK
RBL2_655_667,JNK
RBL2_655_667,MAPKAPK
RBL2_655_667,MELK
RBL2_655_667,MTOR
RBL2_655_667,NEK
RBL2_655_667,P38
RBL2_655_667,PDK1
RBL2_655_667,PEK
RBL2_655_667,PHK
RBL2_655_667,PIM
RBL2_655_667,PKCA
RBL2_655_667,PKD
RBL2_655_667,PLK
RBL2_655_667,QIK
RBL2_655_667,RAD53
RBL2_655_667,RAF
RBL2_655_667,RIPK
RBL2_655_667,STE7
RBL2_655_667,VRK2
RBL2_959_971,AKT
RBL2_959_971,BARK1
RBL2_959_971,CAMK2
RBL2_959_971,CDK
RBL2_959_971,CHK1
RBL2_959_971,CK1
RBL2_959_971,CLK
RBL2_959_971,DMPK
RBL2_959_971,DYRK
RBL2_959_971,ERK
RBL2_959_971,JNK
RBL2_959_971,NEK
RBL2_959_971,NMO
RBL2_959_971,P38
RBL2_959_971,PAKA
RBL2_959_971,PDHK
RBL2_959_971,PDK1
RBL2_959_971,PEK
RBL2_959_971,PHK
RBL2_959_971,PIM
RBL2_959_971,PKA
RBL2_959_971,PKCA
RBL2_959_971,QIK
RBL2_959_971,RAD53
RBL2_959_971,RAF
RBL2_959_971,RSK
RBL2_959_971,STE7
RBL2_959_971,VRK2
REL_260_272,BARK1
REL_260_272,CDK
REL_260_272,CK1
REL_260_272,DMPK
REL_260_272,MAPKAPK
REL_260_272,MARK
REL_260_272,PAKA
REL_260_272,PEK
REL_260_272,PIM
REL_260_272,PKCA
REL_260_272,PKD
REL_260_272,PKG
REL_260_272,PLK
REL_260_272,RSK
REL_260_272,STE7
REL_260_272,VRK2
RS6_228_240,AKT
RS6_228_240,BARK1
RS6_228_240,CAMK1
RS6_228_240,CDK
RS6_228_240,DAPK
RS6_228_240,DMPK
RS6_228_240,IKK
RS6_228_240,MAPKAPK
RS6_228_240,MELK
RS6_228_240,PAKA
RS6_228_240,PASK
RS6_228_240,PDHK
RS6_228_240,PEK
RS6_228_240,PHK
RS6_228_240,PIM
RS6_228_240,PKA
RS6_228_240,PKCA
RS6_228_240,PKCD
RS6_228_240,PKCI
RS6_228_240,PKD
RS6_228_240,PKG
RS6_228_240,QIK
RS6_228_240,RIPK
RS6_228_240,RSK
RS6_228_240,SGK
RS6_228_240,VRK2
RYR1_4317_4329,BARK1
RYR1_4317_4329,DMPK
RYR1_4317_4329,PHK
RYR1_4317_4329,PIM
RYR1_4317_4329,PKA
RYR1_4317_4329,PKCA
RYR1_4317_4329,PKCH
RYR1_4317_4329,PKG
RYR1_4317_4329,RSK
RYR1_4317_4329,VRK2
SCN7A_898_910,BARK1
SCN7A_898_910,DMPK
SCN7A_898_910,HAL
SCN7A_898_910,IKK
SCN7A_898_910,PHK
SCN7A_898_910,PKA
SCN7A_898_910,PKCA
SCN7A_898_910,PKG
SCN7A_898_910,RIPK
SCN7A_898_910,RSK
SCN7A_898_910,VRK2
SRC_413_425,BARK1
SRC_413_425,PKCA
SRC_413_425,PLK
SRC_413_425,STE7
SRC_413_425,VRK2
SRC8_CHICK_423_435,BARK1
SRC8_CHICK_423_435,CAMK1
SRC8_CHICK_423_435,CDK
SRC8_CHICK_423_435,CK1
SRC8_CHICK_423_435,DMPK
SRC8_CHICK_423_435,DYRK
SRC8_CHICK_423_435,ERK
SRC8_CHICK_423_435,JNK
SRC8_CHICK_423_435,NMO
SRC8_CHICK_423_435,P38
SRC8_CHICK_423_435,PDK1
SRC8_CHICK_423_435,PEK
SRC8_CHICK_423_435,PHK
SRC8_CHICK_423_435,PKCA
SRC8_CHICK_423_435,PKD
SRC8_CHICK_423_435,QIK
SRC8_CHICK_423_435,RAF
SRC8_CHICK_423_435,RIPK
SRC8_CHICK_423_435,RSK
SRC8_CHICK_423_435,VRK2
STK6_283_295,AUR
STK6_283_295,BARK1
STK6_283_295,CAMK1
STK6_283_295,CAMK2
STK6_283_295,CDK
STK6_283_295,DMPK
STK6_283_295,FRAY
STK6_283_295,IKK
STK6_283_295,IRAK
STK6_283_295,LKB
STK6_283_295,MELK
STK6_283_295,MLK
STK6_283_295,MTOR
STK6_283_295,NDR
STK6_283_295,NEK
STK6_283_295,PAKA
STK6_283_295,PDHK
STK6_283_295,PDK1
STK6_283_295,PEK
STK6_283_295,PHK
STK6_283_295,PKA
STK6_283_295,PKCA
STK6_283_295,PKCD
STK6_283_295,PLK
STK6_283_295,PRKDC
STK6_283_295,QIK
STK6_283_295,RAD53
STK6_283_295,RSK
STK6_283_295,STE7
STK6_283_295,VRK2
STMN2_90_102,ATR
STMN2_90_102,BARK1
STMN2_90_102,DMPK
STMN2_90_102,PAKA
STMN2_90_102,PHK
STMN2_90_102,PIM
STMN2_90_102,PKCA
STMN2_90_102,RIPK
STMN2_90_102,RSK
STMN2_90_102,VRK2
TAU_524_536,AKT
TAU_524_536,BARK1
TAU_524_536,CAMK1
TAU_524_536,CDK
TAU_524_536,DMPK
TAU_524_536,DYRK
TAU_524_536,ERK
TAU_524_536,GRK
TAU_524_536,GSK
TAU_524_536,IKK
TAU_524_536,JNK
TAU_524_536,MAPKAPK
TAU_524_536,MELK
TAU_524_536,MTOR
TAU_524_536,P38
TAU_524_536,PDK1
TAU_524_536,PEK
TAU_524_536,PHK
TAU_524_536,PIM
TAU_524_536,PKA
TAU_524_536,PKCA
TAU_524_536,PKD
TAU_524_536,PLK
TAU_524_536,QIK
TAU_524_536,RAF
TAU_524_536,RIPK
TAU_524_536,RSK
TAU_524_536,SGK
TAU_524_536,STE11
TAU_524_536,VRK2
TLE2_246_258,BARK1
TLE2_246_258,CDK
TLE2_246_258,CK1
TLE2_246_258,DYRK
TLE2_246_258,ERK
TLE2_246_258,GSK
TLE2_246_258,JNK
TLE2_246_258,LKB
TLE2_246_258,NMO
TLE2_246_258,P38
TLE2_246_258,PDHK
TLE2_246_258,PDK1
TLE2_246_258,PEK
TLE2_246_258,QIK
TLE2_246_258,VRK2
TOP2A_1463_1475,AKT
TOP2A_1463_1475,BARK1
TOP2A_1463_1475,CDK
TOP2A_1463_1475,CK1
TOP2A_1463_1475,CK2
TOP2A_1463_1475,DAPK
TOP2A_1463_1475,DMPK
TOP2A_1463_1475,IKK
TOP2A_1463_1475,MLK
TOP2A_1463_1475,NEK
TOP2A_1463_1475,PAKA
TOP2A_1463_1475,PEK
TOP2A_1463_1475,PHK
TOP2A_1463_1475,PIM
TOP2A_1463_1475,PKA
TOP2A_1463_1475,PKCA
TOP2A_1463_1475,PKG
TOP2A_1463_1475,PLK
TOP2A_1463_1475,QIK
TOP2A_1463_1475,RAD53
TOP2A_1463_1475,RIPK
TOP2A_1463_1475,RSK
TOP2A_1463_1475,VRK2
TY3H_65_77,BARK1
TY3H_65_77,CAMK2
TY3H_65_77,MAPKAPK
TY3H_65_77,PHK
TY3H_65_77,PIM
TY3H_65_77,PKA
TY3H_65_77,PKCA
TY3H_65_77,PKG
TY3H_65_77,QIK
TY3H_65_77,RIPK
TY3H_65_77,RSK
TY3H_65_77,VRK2
VASP_150_162,BARK1
VASP_150_162,DMPK
VASP_150_162,PHK
VASP_150_162,PIM
VASP_150_162,PKA
VASP_150_162,PKCA
VASP_150_162,PKD
VASP_150_162,PKG
VASP_150_162,RIPK
VASP_150_162,RSK
VASP_150_162,VRK2
VASP_232_244,BARK1
VASP_232_244,CDK
VASP_232_244,DMPK
VASP_232_244,IKK
VASP_232_244,MAPKAPK
VASP_232_244,PHK
VASP_232_244,PIM
VASP_232_244,PKA
VASP_232_244,PKCA
VASP_232_244,PKCH
VASP_232_244,PKD
VASP_232_244,PKG
VASP_232_244,RIPK
VASP_232_244,RSK
VASP_232_244,VRK2
VASP_271_283,AKT
VASP_271_283,ATR
VASP_271_283,AMPK
VASP_271_283,BARK1
VASP_271_283,DMPK
VASP_271_283,IKK
VASP_271_283,PAKA
VASP_271_283,PHK
VASP_271_283,PIM
VASP_271_283,PKA
VASP_271_283,PKG
VASP_271_283,RIPK
VASP_271_283,RSK
VASP_271_283,VRK2
VIGLN_289_301,BARK1
VIGLN_289_301,CAMK2
VIGLN_289_301,CDK
VIGLN_289_301,CK2
VIGLN_289_301,DAPK
VIGLN_289_301,DMPK
VIGLN_289_301,IRAK
VIGLN_289_301,MELK
VIGLN_289_301,PAKA
VIGLN_289_301,PEK
VIGLN_289_301,PHK
VIGLN_289_301,PIM
VIGLN_289_301,PKCA
VIGLN_289_301,PLK
VIGLN_289_301,STE7
VIGLN_289_301,VRK2
VTNC_390_402,AKT
VTNC_390_402,BARK1
VTNC_390_402,CDK
VTNC_390_402,DAPK
VTNC_390_402,DMPK
VTNC_390_402,PDHK
VTNC_390_402,PEK
VTNC_390_402,PHK
VTNC_390_402,PKA
VTNC_390_402,PKCA
VTNC_390_402,QIK
VTNC_390_402,RIPK
VTNC_390_402,RSK
VTNC_390_402,SGK
VTNC_390_402,VRK2
YAP1_121_133,AKT
YAP1_121_133,BARK1
YAP1_121_133,CDK
YAP1_121_133,DMPK
YAP1_121_133,DYRK
YAP1_121_133,ERK
YAP1_121_133,IKK
YAP1_121_133,JNK
YAP1_121_133,MST
YAP1_121_133,NDR
YAP1_121_133,NMO
YAP1_121_133,P38
YAP1_121_133,PDK1
YAP1_121_133,PEK
YAP1_121_133,PHK
YAP1_121_133,PKCA
YAP1_121_133,QIK
YAP1_121_133,RAF
YAP1_121_133,RSK
YAP1_121_133,VRK2
