No.,Kinase,Group,Family,Subfamily,Gene_Symbol,UniProt_ID,Entrez_ID,Description
1,AKT1,AGC,Akt,NA,AKT1,AKT1_HUMAN,207,v-akt murine thymoma viral oncogene homolog 1
2,AKT2,AGC,Akt,NA,AKT2,AKT2_HUMAN,208,v-akt murine thymoma viral oncogene homolog 2
3,AKT3,AGC,Akt,NA,AKT3,AKT3_HUMAN,10000,"v-akt murine thymoma viral oncogene homolog 3 (protein kinase B, gamma)"
4,CRIK,AGC,DMPK,CRIK,CIT,CTRO_HUMAN,11113,"citron (rho-interacting, serine/threonine kinase 21)"
5,DMPK1,AGC,DMPK,GEK,DMPK,DMPK_HUMAN,1760,dystrophia myotonica-protein kinase
6,MRCKa,AGC,DMPK,GEK,CDC42BPA,MRCKA_HUMAN,8476,CDC42 binding protein kinase alpha (DMPK-like)
7,MRCKb,AGC,DMPK,GEK,CDC42BPB,MRCKB_HUMAN,9578,CDC42 binding protein kinase beta (DMPK-like)
8,DMPK2,AGC,DMPK,GEK,CDC42BPG,MRCKG_HUMAN,55561,CDC42 binding protein kinase gamma (DMPK-like)
9,ROCK1,AGC,DMPK,ROCK,ROCK1,ROCK1_HUMAN,6093,"Rho-associated, coiled-coil containing protein kinase 1"
10,ROCK2,AGC,DMPK,ROCK,ROCK2,ROCK2_HUMAN,9475,"Rho-associated, coiled-coil containing protein kinase 2"
11,BARK1,AGC,GRK,BARK,ADRBK1,ARBK1_HUMAN,156,"adrenergic, beta, receptor kinase 1"
12,BARK2,AGC,GRK,BARK,ADRBK2,ARBK2_HUMAN,157,"adrenergic, beta, receptor kinase 2"
13,GPRK4,AGC,GRK,GRK,GRK4,GRK4_HUMAN,2868,G protein-coupled receptor kinase 4
14,GPRK5,AGC,GRK,GRK,GRK5,GRK5_HUMAN,2869,G protein-coupled receptor kinase 5
15,GPRK6,AGC,GRK,GRK,GRK6,GRK6_HUMAN,2870,G protein-coupled receptor kinase 6
16,RHOK,AGC,GRK,GRK,GRK1,RK_HUMAN,6011,G protein-coupled receptor kinase 1
17,GPRK7,AGC,GRK,GRK,GRK7,GRK7_HUMAN,131890,G protein-coupled receptor kinase 7
18,MAST1,AGC,MAST,MAST,MAST1,MAST1_HUMAN,22983,microtubule associated serine/threonine kinase 1
19,MAST3,AGC,MAST,MAST,MAST3,MAST3_HUMAN,23031,microtubule associated serine/threonine kinase 3
20,MAST2,AGC,MAST,MAST,MAST2,MAST2_HUMAN,23139,microtubule associated serine/threonine kinase 2
21,MAST4,AGC,MAST,MAST,LOC375449,MAST4_HUMAN,375449,similar to microtubule associated testis specific serine/threonine protein kinase
22,MASTL,AGC,MAST,MASTL,MASTL,GWL_HUMAN,NA,microtubule associated serine/threonine kinase-like
23,LATS1,AGC,NDR,NA,LATS1,LATS1_HUMAN,9113,"LATS, large tumor suppressor, homolog 1 (Drosophila)"
24,NDR1,AGC,NDR,NA,STK38,STK38_HUMAN,11329,serine/threonine kinase 38
25,NDR2,AGC,NDR,NA,STK38L,ST38L_HUMAN,23012,serine/threonine kinase 38 like
26,LATS2,AGC,NDR,NA,LATS2,LATS2_HUMAN,26524,"LATS, large tumor suppressor, homolog 2 (Drosophila)"
27,PDK1,AGC,PDK1,NA,PDPK1,PDPK1_HUMAN,5170,3-phosphoinositide dependent protein kinase-1
28,PKACa,AGC,PKA,NA,PRKACA,KAPCA_HUMAN,5566,"protein kinase, cAMP-dependent, catalytic, alpha"
29,PKACb,AGC,PKA,NA,PRKACB,KAPCB_HUMAN,5567,"protein kinase, cAMP-dependent, catalytic, beta"
30,PKACg,AGC,PKA,NA,PRKACG,KAPCG_HUMAN,5568,"protein kinase, cAMP-dependent, catalytic, gamma"
31,PRKX,AGC,PKA,NA,PRKX,PRKX_HUMAN,5613,"protein kinase, X-linked"
32,PRKY,AGC,PKA,NA,PRKY,PRKY_HUMAN,5616,"protein kinase, Y-linked"
33,PKCa,AGC,PKC,Alpha,PRKCA,KPCA_HUMAN,5578,"protein kinase C, alpha"
34,PKCb,AGC,PKC,Alpha,PRKCB1,KPCB_HUMAN,5579,"protein kinase C, beta 1"
35,PKCg,AGC,PKC,Alpha,PRKCG,KPCG_HUMAN,5582,"protein kinase C, gamma"
36,PKCd,AGC,PKC,Delta,PRKCD,KPCD_HUMAN,5580,"protein kinase C, delta"
37,PKCt,AGC,PKC,Delta,PRKCQ,KPCT_HUMAN,5588,"protein kinase C, theta"
38,PKCe,AGC,PKC,Eta,PRKCE,KPCE_HUMAN,5581,"protein kinase C, epsilon"
39,PKCh,AGC,PKC,Eta,PRKCH,KPCL_HUMAN,5583,"protein kinase C, eta"
40,PKCi,AGC,PKC,Iota,PRKCI,KPCI_HUMAN,5584,"protein kinase C, iota"
41,PKCz,AGC,PKC,Iota,PRKCZ,KPCZ_HUMAN,5590,"protein kinase C, zeta"
42,PKG1,AGC,PKG,NA,PRKG1,KGP1_HUMAN,5592,"protein kinase, cGMP-dependent, type I"
43,PKG2,AGC,PKG,NA,PRKG2,KGP2_HUMAN,5593,"protein kinase, cGMP-dependent, type II"
44,PKN1,AGC,PKN,NA,PKN1,PKN1_HUMAN,5585,protein kinase N1
45,PKN2,AGC,PKN,NA,PKN2,PKN2_HUMAN,5586,protein kinase N2
46,PKN3,AGC,PKN,NA,PKN3,PKN3_HUMAN,29941,protein kinase N3
47,MSK2,AGC,RSK,MSK,RPS6KA4,KS6A4_HUMAN,8986,"ribosomal protein S6 kinase, 90kDa, polypeptide 4"
48,MSK1,AGC,RSK,MSK,RPS6KA5,KS6A5_HUMAN,9252,"ribosomal protein S6 kinase, 90kDa, polypeptide 5"
49,p70S6K,AGC,RSK,p70,RPS6KB1,KS6B1_HUMAN,6198,"ribosomal protein S6 kinase, 70kDa, polypeptide 1"
50,p70S6Kb,AGC,RSK,p70,RPS6KB2,KS6B2_HUMAN,6199,"ribosomal protein S6 kinase, 70kDa, polypeptide 2"
51,RSK3,AGC,RSK,RSK,RPS6KA1,KS6A1_HUMAN,6195,"ribosomal protein S6 kinase, 90kDa, polypeptide 1"
52,RSK1,AGC,RSK,RSK,RPS6KA2,KS6A2_HUMAN,6196,"ribosomal protein S6 kinase, 90kDa, polypeptide 2"
53,RSK2,AGC,RSK,RSK,RPS6KA3,KS6A3_HUMAN,6197,"ribosomal protein S6 kinase, 90kDa, polypeptide 3"
54,RSK4,AGC,RSK,RSK,RPS6KA6,KS6A6_HUMAN,27330,"ribosomal protein S6 kinase, 90kDa, polypeptide 6"
55,RSKL1,AGC,RSKL,NA,RPS6KC1,KS6C1_HUMAN,26750,"ribosomal protein S6 kinase, 52kDa, polypeptide 1"
56,RSKL2,AGC,RSKL,NA,RPS6KL1,RPKL1_HUMAN,83694,ribosomal protein S6 kinase-like 1
57,SgK494,AGC,RSKR,NA,FLJ25006,SG494_HUMAN,124923,hypothetical protein FLJ25006
58,SGK1,AGC,SGK,NA,SGK,SGK1_HUMAN,6446,serum/glucocorticoid regulated kinase
59,SGK2,AGC,SGK,NA,SGK2,SGK2_HUMAN,10110,serum/glucocorticoid regulated kinase 2
60,SGK3,AGC,SGK,NA,SGK3,SGK3_HUMAN,23678,"serum/glucocorticoid regulated kinase family, member 3"
61,YANK2,AGC,YANK,NA,STK32B,ST32B_HUMAN,55351,serine/threonine kinase 32B
62,YANK1,AGC,YANK,NA,STK32A,ST32A_HUMAN,202374,serine/threonine kinase 32A
63,YANK3,AGC,YANK,NA,STK32C,ST32C_HUMAN,282974,serine/threonine kinase 32C
64,ADCK3,Atypical,ABC1,ABC1-A,CABC1,ADCK3_HUMAN,56997,"chaperone, ABC1 activity of bc1 complex homolog (S. pombe)"
65,ADCK4,Atypical,ABC1,ABC1-A,ADCK4,ADCK4_HUMAN,79934,aarF domain containing kinase 4
66,ADCK1,Atypical,ABC1,ABC1-B,ADCK1,ADCK1_HUMAN,57143,aarF domain containing kinase 1
67,ADCK5,Atypical,ABC1,ABC1-B,ADCK5,ADCK5_HUMAN,203054,aarF domain containing kinase 5
68,ADCK2,Atypical,ABC1,ABC1-C,ADCK2,ADCK2_HUMAN,90956,aarF domain containing kinase 2
69,AlphaK1,Atypical,Alpha,Alpha-Unclassified,ALPK3,ALPK3_HUMAN,57538,alpha-kinase 3
70,AlphaK3,Atypical,Alpha,Alpha-Unclassified,ALPK1,ALPK1_HUMAN,80216,alpha-kinase 1
71,AlphaK2,Atypical,Alpha,Alpha-Unclassified,ALPK2,ALPK2_HUMAN,115701,alpha-kinase 2
72,ChaK1,Atypical,Alpha,ChaK,TRPM7,TRPM7_HUMAN,54822,"transient receptor potential cation channel, subfamily M, member 7"
73,ChaK2,Atypical,Alpha,ChaK,TRPM6,TRPM6_HUMAN,140803,"transient receptor potential cation channel, subfamily M, member 6"
74,eEF2K,Atypical,Alpha,eEF2K,EEF2K,EF2K_HUMAN,29904,eukaryotic elongation factor-2 kinase
75,BCR,Atypical,BCR,NA,BCR,BCR_HUMAN,613,breakpoint cluster region
76,BRDT,Atypical,BRD,NA,BRDT,BRDT_HUMAN,676,"bromodomain, testis-specific"
77,BRD2,Atypical,BRD,NA,BRD2,BRD2_HUMAN,6046,bromodomain containing 2
78,BRD3,Atypical,BRD,NA,BRD3,BRD3_HUMAN,8019,bromodomain containing 3
79,BRD4,Atypical,BRD,NA,BRD4,BRD4_HUMAN,23476,bromodomain containing 4
80,FASTK,Atypical,FAST,NA,FASTK,FASTK_HUMAN,10922,Fas-activated serine/threonine kinase
81,G11,Atypical,G11,NA,STK19,STK19_HUMAN,8859,serine/threonine kinase 19
82,H11,Atypical,H11,NA,HSPB8,HSPB8_HUMAN,26353,heat shock 22kDa protein 8
83,BCKDK,Atypical,PDHK,BCKDK,BCKDK,BCKD_HUMAN,10295,branched chain ketoacid dehydrogenase kinase
84,PDHK1,Atypical,PDHK,PDHK,PDK1,PDK1_HUMAN,5163,"pyruvate dehydrogenase kinase, isozyme 1"
85,PDHK2,Atypical,PDHK,PDHK,PDK2,PDK2_HUMAN,5164,"pyruvate dehydrogenase kinase, isozyme 2"
86,PDHK3,Atypical,PDHK,PDHK,PDK3,PDK3_HUMAN,5165,"pyruvate dehydrogenase kinase, isozyme 3"
87,PDHK4,Atypical,PDHK,PDHK,PDK4,PDK4_HUMAN,5166,"pyruvate dehydrogenase kinase, isozyme 4"
88,ATM,Atypical,PIKK,ATM,ATM,ATM_HUMAN,472,"ataxia telangiectasia mutated (includes complementation groups A, C and D)"
89,ATR,Atypical,PIKK,ATR,ATR,ATR_HUMAN,545,ataxia telangiectasia and Rad3 related
90,DNAPK,Atypical,PIKK,DNAPK,PRKDC,PRKDC_HUMAN,5591,"protein kinase, DNA-activated, catalytic polypeptide"
91,FRAP,Atypical,PIKK,FRAP,FRAP1,MTOR_HUMAN,2475,FK506 binding protein 12-rapamycin associated protein 1
92,SMG1,Atypical,PIKK,SMG1,SMG1,SMG1_HUMAN,23049,PI-3-kinase-related kinase SMG-1
93,TRRAP,Atypical,PIKK,TRRAP,TRRAP,TRRAP_HUMAN,8295,transformation/transcription domain-associated protein
94,RIOK1,Atypical,RIO,RIO1,RIOK1,RIOK1_HUMAN,83732,RIO kinase 1 (yeast)
95,RIOK2,Atypical,RIO,RIO2,RIOK2,RIOK2_HUMAN,55781,RIO kinase 2 (yeast)
96,RIOK3,Atypical,RIO,RIO3,RIOK3,RIOK3_HUMAN,8780,RIO kinase 3 (yeast)
97,TAF1,Atypical,TAF1,NA,TAF1,TAF1_HUMAN,6872,"TAF1 RNA polymerase II, TATA box binding protein (TBP)-associated factor, 250kDa"
98,TAF1L,Atypical,TAF1,NA,TAF1L,TAF1L_HUMAN,138474,"TAF1-like RNA polymerase II, TATA box binding protein (TBP)-associated factor, 210kDa"
99,TIF1a,Atypical,TIF1,NA,TRIM24,TIF1A_HUMAN,8805,tripartite motif-containing 24
100,TIF1b,Atypical,TIF1,NA,TRIM28,TIF1B_HUMAN,10155,tripartite motif-containing 28
101,TIF1g,Atypical,TIF1,NA,TRIM33,TRI33_HUMAN,51592,tripartite motif-containing 33
102,CaMK4,CAMK,CAMK1,NA,CAMK4,KCC4_HUMAN,814,calcium/calmodulin-dependent protein kinase IV
103,CaMK1a,CAMK,CAMK1,NA,CAMK1,KCC1A_HUMAN,8536,calcium/calmodulin-dependent protein kinase I
104,CaMK1d,CAMK,CAMK1,NA,CAMK1D,KCC1D_HUMAN,57118,calcium/calmodulin-dependent protein kinase ID
105,CaMK1g,CAMK,CAMK1,NA,CAMK1G,KCC1G_HUMAN,57172,calcium/calmodulin-dependent protein kinase IG
106,CaMK1b,CAMK,CAMK1,NA,PNCK,KCC1B_HUMAN,139728,pregnancy upregulated non-ubiquitously expressed CaM kinase
107,CaMK2a,CAMK,CAMK2,NA,CAMK2A,KCC2A_HUMAN,815,calcium/calmodulin-dependent protein kinase (CaM kinase) II alpha
108,CaMK2b,CAMK,CAMK2,NA,CAMK2B,KCC2B_HUMAN,816,calcium/calmodulin-dependent protein kinase (CaM kinase) II beta
109,CaMK2d,CAMK,CAMK2,NA,CAMK2D,KCC2D_HUMAN,817,calcium/calmodulin-dependent protein kinase (CaM kinase) II delta
110,CaMK2g,CAMK,CAMK2,NA,CAMK2G,KCC2G_HUMAN,818,calcium/calmodulin-dependent protein kinase (CaM kinase) II gamma
111,AMPKa1,CAMK,CAMKL,AMPK,PRKAA1,AAPK1_HUMAN,5562,"protein kinase, AMP-activated, alpha 1 catalytic subunit"
112,AMPKa2,CAMK,CAMKL,AMPK,PRKAA2,AAPK2_HUMAN,5563,"protein kinase, AMP-activated, alpha 2 catalytic subunit"
113,BRSK2,CAMK,CAMKL,BRSK,BRSK2,BRSK2_HUMAN,9024,BR serine/threonine kinase 2
114,BRSK1,CAMK,CAMKL,BRSK,BRSK1,BRSK1_HUMAN,84446,BR serine/threonine kinase 1
115,CHK1,CAMK,CAMKL,CHK1,CHEK1,CHK1_HUMAN,1111,CHK1 checkpoint homolog (S. pombe)
116,HUNK,CAMK,CAMKL,HUNK,HUNK,HUNK_HUMAN,30811,hormonally upregulated Neu-associated kinase
117,LKB1,CAMK,CAMKL,LKB,STK11,STK11_HUMAN,6794,serine/threonine kinase 11
118,MARK2,CAMK,CAMKL,MARK,MARK2,MARK2_HUMAN,2011,MAP/microtubule affinity-regulating kinase 2
119,MARK1,CAMK,CAMKL,MARK,MARK1,MARK1_HUMAN,4139,MAP/microtubule affinity-regulating kinase 1
120,MARK3,CAMK,CAMKL,MARK,MARK3,MARK3_HUMAN,4140,MAP/microtubule affinity-regulating kinase 3
121,MARK4,CAMK,CAMKL,MARK,MARK4,MARK4_HUMAN,57787,MAP/microtubule affinity-regulating kinase 4
122,MELK,CAMK,CAMKL,MELK,MELK,MELK_HUMAN,9833,maternal embryonic leucine zipper kinase
123,NIM1,CAMK,CAMKL,NIM1,MGC42105,NIM1_HUMAN,167359,hypothetical protein MGC42105
124,NuaK1,CAMK,CAMKL,NuaK,NUAK1,NUAK1_HUMAN,9891,"NUAK family, SNF1-like kinase, 1"
125,NuaK2,CAMK,CAMKL,NuaK,NUAK2,NUAK2_HUMAN,81788,"NUAK family, SNF1-like kinase, 2"
126,PASK,CAMK,CAMKL,PASK,PASK,PASK_HUMAN,23178,PAS domain containing serine/threonine kinase
127,QIK,CAMK,CAMKL,QIK,SNF1LK2,SIK2_HUMAN,23235,SNF1-like kinase 2
128,QSK,CAMK,CAMKL,QIK,KIAA0999,SIK3_HUMAN,23387,KIAA0999 protein
129,SIK,CAMK,CAMKL,QIK,SNF1LK,SIK1_HUMAN,150094,SNF1-like kinase
130,SNRK,CAMK,CAMKL,SNRK,SNRK,SNRK_HUMAN,54861,SNF related kinase
131,STK33,CAMK,CAMK-Unique,NA,STK33,STK33_HUMAN,65975,serine/threonine kinase 33
132,VACAMKL,CAMK,CAMK-Unique,NA,CAMKV,CAMKV_HUMAN,79012,CaM kinase-like vesicle-associated
133,CASK,CAMK,CASK,NA,CASK,CSKP_HUMAN,8573,calcium/calmodulin-dependent serine protein kinase (MAGUK family)
134,DAPK1,CAMK,DAPK,DAPK,DAPK1,DAPK1_HUMAN,1612,death-associated protein kinase 1
135,DAPK3,CAMK,DAPK,DAPK,DAPK3,DAPK3_HUMAN,1613,death-associated protein kinase 3
136,DAPK2,CAMK,DAPK,DAPK,DAPK2,DAPK2_HUMAN,23604,death-associated protein kinase 2
137,DRAK2,CAMK,DAPK,DRAK,STK17B,ST17B_HUMAN,9262,serine/threonine kinase 17b (apoptosis-inducing)
138,DRAK1,CAMK,DAPK,DRAK,STK17A,ST17A_HUMAN,9263,serine/threonine kinase 17a (apoptosis-inducing)
139,DCLK1,CAMK,DCAMKL,NA,DCAMKL1,DCLK1_HUMAN,9201,doublecortin and CaM kinase-like 1
140,DCLK3,CAMK,DCAMKL,NA,DCAMKL3,DCLK3_HUMAN,85443,doublecortin and CaM kinase-like 3
141,DCLK2,CAMK,DCAMKL,NA,DCAMKL2,DCLK2_HUMAN,166614,doublecortin and CaM kinase-like 2
142,MAPKAPK3,CAMK,MAPKAPK,MAPKAPK,MAPKAPK3,MAPK3_HUMAN,7867,mitogen-activated protein kinase-activated protein kinase 3
143,MAPKAPK5,CAMK,MAPKAPK,MAPKAPK,MAPKAPK5,MAPK5_HUMAN,8550,mitogen-activated protein kinase-activated protein kinase 5
144,MAPKAPK2,CAMK,MAPKAPK,MAPKAPK,MAPKAPK2,MAPK2_HUMAN,9261,mitogen-activated protein kinase-activated protein kinase 2
145,MNK2,CAMK,MAPKAPK,MNK,MKNK2,MKNK2_HUMAN,2872,MAP kinase interacting serine/threonine kinase 2
146,MNK1,CAMK,MAPKAPK,MNK,MKNK1,MKNK1_HUMAN,8569,MAP kinase interacting serine/threonine kinase 1
147,smMLCK,CAMK,MLCK,NA,MYLK,MYLK_HUMAN,4638,"myosin, light chain kinase"
148,TTN,CAMK,MLCK,NA,TTN,TITIN_HUMAN,7273,titin
149,skMLCK,CAMK,MLCK,NA,MYLK2,MYLK2_HUMAN,85366,"myosin light chain kinase 2, skeletal muscle"
150,caMLCK,CAMK,MLCK,NA,MLCK,MYLK3_HUMAN,91807,MLCK protein
151,SgK085,CAMK,MLCK,NA,RP11-145H9.1,MYLK4_HUMAN,340156,hypothetical protein LOC340156
152,PHKg1,CAMK,PHK,NA,PHKG1,PHKG1_HUMAN,5260,"phosphorylase kinase, gamma 1 (muscle)"
153,PHKg2,CAMK,PHK,NA,PHKG2,PHKG2_HUMAN,5261,"phosphorylase kinase, gamma 2 (testis)"
154,PIM1,CAMK,PIM,NA,PIM1,PIM1_HUMAN,5292,pim-1 oncogene
155,PIM2,CAMK,PIM,NA,PIM2,PIM2_HUMAN,11040,pim-2 oncogene
156,PIM3,CAMK,PIM,NA,PIM3,PIM3_HUMAN,415116,pim-3 oncogene
157,PKD1,CAMK,PKD,NA,PRKD1,KPCD1_HUMAN,5587,protein kinase D1
158,PKD3,CAMK,PKD,NA,PRKD3,KPCD3_HUMAN,23683,protein kinase D3
159,PKD2,CAMK,PKD,NA,PRKD2,KPCD2_HUMAN,25865,protein kinase D2
160,PSKH1,CAMK,PSK,NA,PSKH1,KPSH1_HUMAN,5681,protein serine kinase H1
161,PSKH2,CAMK,PSK,NA,PSKH2,KPSH2_HUMAN,85481,protein serine kinase H2
162,CHK2,CAMK,RAD53,NA,CHEK2,CHK2_HUMAN,11200,CHK2 checkpoint homolog (S. pombe)
163,SgK495,CAMK,SgK495,NA,STK40,STK40_HUMAN,83931,serine/threonine kinase 40
164,Trb1,CAMK,Trbl,NA,TRIB1,TRIB1_HUMAN,10221,tribbles homolog 1 (Drosophila)
165,Trb2,CAMK,Trbl,NA,TRIB2,TRIB2_HUMAN,28951,tribbles homolog 2 (Drosophila)
166,Trb3,CAMK,Trbl,NA,TRIB3,TRIB3_HUMAN,57761,tribbles homolog 3 (Drosophila)
167,Obscn,CAMK,Trio,NA,OBSCN,OBSCN_HUMAN,84033,"obscurin, cytoskeletal calmodulin and titin-interacting RhoGEF"
168,SPEG,CAMK,Trio,NA,LOC729871,SPEG_HUMAN,10290,similar to aortic preferentially expressed gene 1
169,Trio,CAMK,Trio,NA,TRIO,TRIO_HUMAN,7204,triple functional domain (PTPRF interacting)
170,Trad,CAMK,Trio,NA,KALRN,KALRN_HUMAN,8997,"kalirin, RhoGEF kinase"
171,TSSK2,CAMK,TSSK,NA,TSSK2,TSSK2_HUMAN,23617,testis-specific serine kinase 2
172,TSSK3,CAMK,TSSK,NA,TSSK3,TSSK3_HUMAN,81629,testis-specific serine kinase 3
173,TSSK1,CAMK,TSSK,NA,TSSK1B,TSSK1_HUMAN,83942,testis-specific serine kinase 1B
174,SSTK,CAMK,TSSK,NA,TSSK6,TSSK6_HUMAN,83983,testis-specific serine kinase 6
175,TSSK4,CAMK,TSSK,NA,TSSK4,TSSK4_HUMAN,283629,testis-specific serine kinase 4
176,CK1a,CK1,CK1,CK1-A,CSNK1A1,KC1A_HUMAN,1452,"casein kinase 1, alpha 1"
177,CK1a2,CK1,CK1,CK1-A,CSNK1A1L,KC1AL_HUMAN,122011,"casein kinase 1, alpha 1-like"
178,CK1d,CK1,CK1,CK1-D,CSNK1D,KC1D_HUMAN,1453,"casein kinase 1, delta"
179,CK1e,CK1,CK1,CK1-D,CSNK1E,KC1E_HUMAN,1454,"casein kinase 1, epsilon"
180,CK1g2,CK1,CK1,CK1-G,CSNK1G2,KC1G2_HUMAN,1455,"casein kinase 1, gamma 2"
181,CK1g3,CK1,CK1,CK1-G,CSNK1G3,KC1G3_HUMAN,1456,"casein kinase 1, gamma 3"
182,CK1g1,CK1,CK1,CK1-G,CSNK1G1,KC1G1_HUMAN,53944,"casein kinase 1, gamma 1"
183,TTBK1,CK1,TTBK,NA,TTBK1,TTBK1_HUMAN,84630,tau tubulin kinase 1
184,TTBK2,CK1,TTBK,NA,TTBK2,TTBK2_HUMAN,146057,tau tubulin kinase 2
185,VRK1,CK1,VRK,NA,VRK1,VRK1_HUMAN,7443,vaccinia related kinase 1
186,VRK2,CK1,VRK,NA,VRK2,VRK2_HUMAN,7444,vaccinia related kinase 2
187,VRK3,CK1,VRK,NA,VRK3,VRK3_HUMAN,51231,vaccinia related kinase 3
188,CCRK,CMGC,CDK,CCRK,CCRK,CDK20_HUMAN,23552,cell cycle related kinase
189,CDC2,CMGC,CDK,CDC2,CDC2,CDK1_HUMAN,983,"cell division cycle 2, G1 to S and G2 to M"
190,CDK2,CMGC,CDK,CDC2,CDK2,CDK2_HUMAN,1017,cyclin-dependent kinase 2
191,CDK3,CMGC,CDK,CDC2,CDK3,CDK3_HUMAN,1018,cyclin-dependent kinase 3
192,CDK10,CMGC,CDK,CDK10,CDK10,CDK10_HUMAN,8558,cyclin-dependent kinase (CDC2-like) 10
193,CDK4,CMGC,CDK,CDK4,CDK4,CDK4_HUMAN,1019,cyclin-dependent kinase 4
194,CDK6,CMGC,CDK,CDK4,CDK6,CDK6_HUMAN,1021,cyclin-dependent kinase 6
195,CDK5,CMGC,CDK,CDK5,CDK5,CDK5_HUMAN,1020,cyclin-dependent kinase 5
196,CDK7,CMGC,CDK,CDK7,CDK7,CDK7_HUMAN,1022,"cyclin-dependent kinase 7 (MO15 homolog, Xenopus laevis, cdk-activating kinase)"
197,CDK8,CMGC,CDK,CDK8,CDK8,CDK8_HUMAN,1024,cyclin-dependent kinase 8
198,CDK11,CMGC,CDK,CDK8,CDC2L6,CDK19_HUMAN,23097,cell division cycle 2-like 6 (CDK8-like)
199,CDK9,CMGC,CDK,CDK9,CDK9,CDK9_HUMAN,1025,cyclin-dependent kinase 9 (CDC2-related kinase)
200,CHED,CMGC,CDK,CRK7,CDC2L5,CDK13_HUMAN,NA,cell division cycle 2-like 5 (cholinesterase-related cell division controller)
201,CRK7,CMGC,CDK,CRK7,CRKRS,CDK12_HUMAN,51755,"Cdc2-related kinase, arginine/serine-rich"
202,PCTAIRE1,CMGC,CDK,PCTAIRE,PCTK1,CDK16_HUMAN,5127,PCTAIRE protein kinase 1
203,PCTAIRE2,CMGC,CDK,PCTAIRE,PCTK2,CDK17_HUMAN,5128,PCTAIRE protein kinase 2
204,PCTAIRE3,CMGC,CDK,PCTAIRE,PCTK3,CDK18_HUMAN,5129,PCTAIRE protein kinase 3
205,PFTAIRE1,CMGC,CDK,PFTAIRE,PFTK1,CDK14_HUMAN,5218,PFTAIRE protein kinase 1
206,PFTAIRE2,CMGC,CDK,PFTAIRE,ALS2CR7,CDK15_HUMAN,65061,"amyotrophic lateral sclerosis 2 (juvenile) chromosome region, candidate 7"
207,PITSLRE,CMGC,CDK,PITSLRE,CDC2L2,CD11A_HUMAN,728642,cell division cycle 2-like 2 (PITSLRE proteins)
208,CDKL5,CMGC,CDKL,NA,CDKL5,CDKL5_HUMAN,6792,cyclin-dependent kinase-like 5
209,CDKL1,CMGC,CDKL,NA,CDKL1,CDKL1_HUMAN,8814,cyclin-dependent kinase-like 1 (CDC2-related kinase)
210,CDKL2,CMGC,CDKL,NA,CDKL2,CDKL2_HUMAN,8999,cyclin-dependent kinase-like 2 (CDC2-related kinase)
211,CDKL3,CMGC,CDKL,NA,CDKL3,CDKL3_HUMAN,51265,cyclin-dependent kinase-like 3
212,CDKL4,CMGC,CDKL,NA,CDKL4,CDKL4_HUMAN,344387,cyclin-dependent kinase-like 4
213,CK2a1,CMGC,CK2,NA,CSNK2A1,CSK21_HUMAN,1457,"casein kinase 2, alpha 1 polypeptide"
214,CK2a2,CMGC,CK2,NA,CSNK2A2,CSK22_HUMAN,1459,"casein kinase 2, alpha prime polypeptide"
215,CLK1,CMGC,CLK,NA,CLK1,CLK1_HUMAN,1195,CDC-like kinase 1
216,CLK2,CMGC,CLK,NA,CLK2,CLK2_HUMAN,1196,CDC-like kinase 2
217,CLK3,CMGC,CLK,NA,CLK3,CLK3_HUMAN,1198,CDC-like kinase 3
218,CLK4,CMGC,CLK,NA,CLK4,CLK4_HUMAN,57396,CDC-like kinase 4
219,DYRK1A,CMGC,DYRK,DYRK1,DYRK1A,DYR1A_HUMAN,1859,dual-specificity tyrosine-(Y)-phosphorylation regulated kinase 1A
220,DYRK1B,CMGC,DYRK,DYRK1,DYRK1B,DYR1B_HUMAN,9149,dual-specificity tyrosine-(Y)-phosphorylation regulated kinase 1B
221,DYRK3,CMGC,DYRK,DYRK2,DYRK3,DYRK3_HUMAN,8444,dual-specificity tyrosine-(Y)-phosphorylation regulated kinase 3
222,DYRK2,CMGC,DYRK,DYRK2,DYRK2,DYRK2_HUMAN,8445,dual-specificity tyrosine-(Y)-phosphorylation regulated kinase 2
223,DYRK4,CMGC,DYRK,DYRK2,DYRK4,DYRK4_HUMAN,8798,dual-specificity tyrosine-(Y)-phosphorylation regulated kinase 4
224,HIPK3,CMGC,DYRK,HIPK,HIPK3,HIPK3_HUMAN,10114,homeodomain interacting protein kinase 3
225,HIPK2,CMGC,DYRK,HIPK,HIPK2,HIPK2_HUMAN,28996,homeodomain interacting protein kinase 2
226,HIPK4,CMGC,DYRK,HIPK,HIPK4,HIPK4_HUMAN,147746,homeodomain interacting protein kinase 4
227,HIPK1,CMGC,DYRK,HIPK,HIPK1,HIPK1_HUMAN,204851,homeodomain interacting protein kinase 1
228,PRP4,CMGC,DYRK,PRP4,PRPF4B,PRP4B_HUMAN,8899,PRP4 pre-mRNA processing factor 4 homolog B (yeast)
229,GSK3A,CMGC,GSK,NA,GSK3A,GSK3A_HUMAN,2931,glycogen synthase kinase 3 alpha
230,GSK3B,CMGC,GSK,NA,GSK3B,GSK3B_HUMAN,2932,glycogen synthase kinase 3 beta
231,Erk2,CMGC,MAPK,ERK1,MAPK1,MK01_HUMAN,5594,mitogen-activated protein kinase 1
232,Erk1,CMGC,MAPK,ERK1,MAPK3,MK03_HUMAN,5595,mitogen-activated protein kinase 3
233,Erk4,CMGC,MAPK,ERK3,MAPK4,MK04_HUMAN,5596,mitogen-activated protein kinase 4
234,Erk3,CMGC,MAPK,ERK3,MAPK6,MK06_HUMAN,5597,mitogen-activated protein kinase 6
235,Erk5,CMGC,MAPK,ERK5,MAPK7,MK07_HUMAN,5598,mitogen-activated protein kinase 7
236,Erk7,CMGC,MAPK,ERK7,MAPK15,MK15_HUMAN,225689,mitogen-activated protein kinase 15
237,JNK1,CMGC,MAPK,JNK,MAPK8,MK08_HUMAN,5599,mitogen-activated protein kinase 8
238,JNK2,CMGC,MAPK,JNK,MAPK9,MK09_HUMAN,5601,mitogen-activated protein kinase 9
239,JNK3,CMGC,MAPK,JNK,MAPK10,MK10_HUMAN,5602,mitogen-activated protein kinase 10
240,NLK,CMGC,MAPK,nmo,NLK,NLK_HUMAN,51701,nemo-like kinase
241,p38a,CMGC,MAPK,p38,MAPK14,MK14_HUMAN,1432,mitogen-activated protein kinase 14
242,p38b,CMGC,MAPK,p38,MAPK11,MK11_HUMAN,5600,mitogen-activated protein kinase 11
243,p38d,CMGC,MAPK,p38,MAPK13,MK13_HUMAN,5603,mitogen-activated protein kinase 13
244,p38g,CMGC,MAPK,p38,MAPK12,MK12_HUMAN,6300,mitogen-activated protein kinase 12
245,MAK,CMGC,RCK,NA,MAK,MAK_HUMAN,4117,male germ cell-associated kinase
246,MOK,CMGC,RCK,NA,RAGE,MOK_HUMAN,5891,renal tumor antigen
247,ICK,CMGC,RCK,NA,ICK,ICK_HUMAN,22858,intestinal cell (MAK-like) kinase
248,SRPK1,CMGC,SRPK,NA,SRPK1,SRPK1_HUMAN,6732,SFRS protein kinase 1
249,SRPK2,CMGC,SRPK,NA,SRPK2,SRPK2_HUMAN,6733,SFRS protein kinase 2
250,MSSK1,CMGC,SRPK,NA,SRPK3,SRPK3_HUMAN,26576,SFRS protein kinase 3
251,AurA,Other,Aur,NA,AURKA,AURKA_HUMAN,6790,aurora kinase A
252,AurC,Other,Aur,NA,AURKC,AURKC_HUMAN,6795,aurora kinase C
253,AurB,Other,Aur,NA,AURKB,AURKB_HUMAN,9212,aurora kinase B
254,BUB1,Other,BUB,NA,BUB1,BUB1_HUMAN,699,BUB1 budding uninhibited by benzimidazoles 1 homolog (yeast)
255,BUBR1,Other,BUB,NA,BUB1B,BUB1B_HUMAN,701,BUB1 budding uninhibited by benzimidazoles 1 homolog beta (yeast)
256,PRPK,Other,Bud32,NA,TP53RK,PRPK_HUMAN,112858,TP53 regulating kinase
257,CaMKK2,Other,CAMKK,Meta,CAMKK2,KKCC2_HUMAN,10645,"calcium/calmodulin-dependent protein kinase kinase 2, beta"
258,CaMKK1,Other,CAMKK,Meta,CAMKK1,KKCC1_HUMAN,84254,"calcium/calmodulin-dependent protein kinase kinase 1, alpha"
259,CDC7,Other,CDC7,NA,CDC7,CDC7_HUMAN,8317,cell division cycle 7 homolog (S. cerevisiae)
260,Haspin,Other,Haspin,NA,GSG2,HASP_HUMAN,83903,germ cell associated 2 (haspin)
261,IKKa,Other,IKK,NA,CHUK,IKKA_HUMAN,1147,conserved helix-loop-helix ubiquitous kinase
262,IKKb,Other,IKK,NA,IKBKB,IKKB_HUMAN,3551,"inhibitor of kappa light polypeptide gene enhancer in B-cells, kinase beta"
263,IKKe,Other,IKK,NA,IKBKE,IKKE_HUMAN,9641,"inhibitor of kappa light polypeptide gene enhancer in B-cells, kinase epsilon"
264,TBK1,Other,IKK,NA,TBK1,TBK1_HUMAN,29110,TANK-binding kinase 1
265,IRE1,Other,IRE,NA,ERN1,ERN1_HUMAN,2081,endoplasmic reticulum to nucleus signalling 1
266,IRE2,Other,IRE,NA,ERN2,ERN2_HUMAN,10595,endoplasmic reticulum to nucleus signalling 2
267,KIS,Other,KIS,NA,UHMK1,UHMK1_HUMAN,127933,U2AF homology motif (UHM) kinase 1
268,MOS,Other,MOS,NA,MOS,MOS_HUMAN,4342,v-mos Moloney murine sarcoma viral oncogene homolog
269,AAK1,Other,NAK,BIKE,AAK1,AAK1_HUMAN,22848,AP2 associated kinase 1
270,BIKE,Other,NAK,BIKE,BMP2K,BMP2K_HUMAN,55589,BMP2 inducible kinase
271,GAK,Other,NAK,GAK,GAK,GAK_HUMAN,2580,cyclin G associated kinase
272,MPSK1,Other,NAK,MPSK,STK16,STK16_HUMAN,8576,serine/threonine kinase 16
273,NEK1,Other,NEK,NEK1,NEK1,NEK1_HUMAN,4750,NIMA (never in mitosis gene a)-related kinase 1
274,NEK3,Other,NEK,NEK1,NEK3,NEK3_HUMAN,4752,NIMA (never in mitosis gene a)-related kinase 3
275,NEK5,Other,NEK,NEK1,NEK5,NEK5_HUMAN,341676,NIMA (never in mitosis gene a)-related kinase 5
276,NEK10,Other,NEK,NEK10,NEK10,NEK10_HUMAN,152110,NIMA (never in mitosis gene a)- related kinase 10
277,NEK11,Other,NEK,NEK11,NEK11,NEK11_HUMAN,79858,NIMA (never in mitosis gene a)- related kinase 11
278,NEK2,Other,NEK,NEK2,NEK2,NEK2_HUMAN,4751,NIMA (never in mitosis gene a)-related kinase 2
279,NEK4,Other,NEK,NEK4,NEK4,NEK4_HUMAN,6787,NIMA (never in mitosis gene a)-related kinase 4
280,NEK6,Other,NEK,NEK6,NEK6,NEK6_HUMAN,10783,NIMA (never in mitosis gene a)-related kinase 6
281,NEK7,Other,NEK,NEK6,NEK7,NEK7_HUMAN,140609,NIMA (never in mitosis gene a)-related kinase 7
282,NEK9,Other,NEK,NEK8,NEK9,NEK9_HUMAN,91754,NIMA (never in mitosis gene a)- related kinase 9
283,NEK8,Other,NEK,NEK8,NEK8,NEK8_HUMAN,284086,NIMA (never in mitosis gene a)- related kinase 8
284,SBK,Other,NKF1,NA,SBK1,SBK1_HUMAN,388228,SH3-binding domain kinase 1
285,SgK069,Other,NKF1,NA,LOC646643,SBK2_HUMAN,NA,similar to protein kinase Bsk146
286,SgK110,Other,NKF1,NA,NA,SG110_HUMAN,100130827,putative uncharacterized serine/threonine-protein kinase SgK110-like
287,PINK1,Other,NKF2,NA,PINK1,PINK1_HUMAN,65018,PTEN induced putative kinase 1
288,SgK269,Other,NKF3,NA,KIAA2002,SG269_HUMAN,79834,KIAA2002 protein
289,SgK223,Other,NKF3,NA,DKFZp761P0423,SG223_HUMAN,157285,homolog of rat pragma of Rnd2
290,CLIK1,Other,NKF4,NA,STK35,STK35_HUMAN,140901,serine/threonine kinase 35
291,CLIK1L,Other,NKF4,NA,PDIK1L,PDK1L_HUMAN,149420,PDLIM1 interacting kinase 1 like
292,SgK307,Other,NKF5,NA,TEX14,TEX14_HUMAN,56155,testis expressed sequence 14
293,SgK424,Other,NKF5,NA,NA,NA,NA,NA
294,NRBP1,Other,NRBP,NA,NRBP1,NRBP_HUMAN,29959,nuclear receptor binding protein 1
295,NRBP2,Other,NRBP,NA,NRBP2,NRBP2_HUMAN,340371,nuclear receptor binding protein 2
296,RNAseL,Other,Other-Unique,NA,RNASEL,RN5A_HUMAN,6041,"ribonuclease L (2',5'-oligoisoadenylate synthetase-dependent)"
297,SgK396,Other,Other-Unique,NA,STK31,STK31_HUMAN,56164,serine/threonine kinase 31
298,SgK196,Other,Other-Unique,NA,FLJ23356,SG196_HUMAN,84197,hypothetical protein FLJ23356
299,GCN2,Other,PEK,GCN2,EIF2AK4,E2AK4_HUMAN,440275,eukaryotic translation initiation factor 2 alpha kinase 4
300,HRI,Other,PEK,HRI,EIF2AK1,E2AK1_HUMAN,27102,eukaryotic translation initiation factor 2-alpha kinase 1
301,PEK,Other,PEK,PEK,EIF2AK3,E2AK3_HUMAN,9451,eukaryotic translation initiation factor 2-alpha kinase 3
302,PKR,Other,PEK,PKR,EIF2AK2,E2AK2_HUMAN,5610,eukaryotic translation initiation factor 2-alpha kinase 2
303,PLK1,Other,PLK,PLK1,PLK1,PLK1_HUMAN,5347,polo-like kinase 1 (Drosophila)
304,PLK3,Other,PLK,PLK2,PLK3,PLK3_HUMAN,1263,polo-like kinase 3 (Drosophila)
305,PLK2,Other,PLK,PLK2,PLK2,PLK2_HUMAN,10769,polo-like kinase 2 (Drosophila)
306,PLK4,Other,PLK,SAK,PLK4,PLK4_HUMAN,10733,polo-like kinase 4 (Drosophila)
307,SCYL2,Other,SCY1,NA,SCYL2,SCYL2_HUMAN,55681,SCY1-like 2 (S. cerevisiae)
308,SCYL3,Other,SCY1,NA,SCYL3,PACE1_HUMAN,57147,SCY1-like 3 (S. cerevisiae)
309,SCYL1,Other,SCY1,NA,SCYL1,NTKL_HUMAN,57410,SCY1-like 1 (S. cerevisiae)
310,SgK071,Other,SgK071,NA,C9orf96,SGK71_HUMAN,169436,chromosome 9 open reading frame 96
311,SgK493,Other,SgK493,NA,LOC91461,PKDCC_HUMAN,91461,hypothetical protein BC007901
312,SgK496,Other,SgK496,NA,RIPK5,DUSTY_HUMAN,25778,receptor interacting protein kinase 5
313,Slob,Other,Slob,NA,PXK,PXK_HUMAN,54899,PX domain containing serine/threonine kinase
314,TBCK,Other,TBCK,NA,MGC16169,TBCK_HUMAN,93627,hypothetical protein MGC16169
315,TLK1,Other,TLK,NA,TLK1,TLK1_HUMAN,9874,tousled-like kinase 1
316,TLK2,Other,TLK,NA,TLK2,TLK2_HUMAN,11011,tousled-like kinase 2
317,PBK,Other,TOPK,NA,PBK,TOPK_HUMAN,55872,PDZ binding kinase
318,TTK,Other,TTK,NA,TTK,TTK_HUMAN,7272,TTK protein kinase
319,Fused,Other,ULK,Fused,STK36,STK36_HUMAN,27148,"serine/threonine kinase 36, fused homolog (Drosophila)"
320,ULK1,Other,ULK,ULK,ULK1,ULK1_HUMAN,8408,unc-51-like kinase 1 (C. elegans)
321,ULK2,Other,ULK,ULK,ULK2,ULK2_HUMAN,9706,unc-51-like kinase 2 (C. elegans)
322,ULK3,Other,ULK,ULK,ULK3,ULK3_HUMAN,25989,unc-51-like kinase 3 (C. elegans)
323,ULK4,Other,ULK,ULK,ULK4,ULK4_HUMAN,54986,unc-51-like kinase 4 (C. elegans)
324,PIK3R4,Other,VPS15,NA,PIK3R4,PI3R4_HUMAN,30849,"phosphoinositide-3-kinase, regulatory subunit 4, p150"
325,Wee1,Other,WEE,NA,WEE1,WEE1_HUMAN,7465,WEE1 homolog (S. pombe)
326,MYT1,Other,WEE,NA,PKMYT1,PMYT1_HUMAN,9088,"protein kinase, membrane associated tyrosine/threonine 1"
327,Wee1B,Other,WEE,NA,FLJ40852,WEE2_HUMAN,494551,hypothetical protein FLJ40852
328,Wnk1,Other,WNK,NA,WNK1,WNK1_HUMAN,65125,WNK lysine deficient protein kinase 1
329,Wnk4,Other,WNK,NA,WNK4,WNK4_HUMAN,65266,WNK lysine deficient protein kinase 4
330,Wnk3,Other,WNK,NA,WNK3,WNK3_HUMAN,65267,WNK lysine deficient protein kinase 3
331,Wnk2,Other,WNK,NA,WNK2,WNK2_HUMAN,65268,WNK lysine deficient protein kinase 2
332,HSER,RGC,RGC,NA,GUCY2C,GUC2C_HUMAN,2984,guanylate cyclase 2C (heat stable enterotoxin receptor)
333,CYGF,RGC,RGC,NA,GUCY2F,GUC2F_HUMAN,2986,"guanylate cyclase 2F, retinal"
334,CYGD,RGC,RGC,NA,GUCY2D,GUC2D_HUMAN,3000,"guanylate cyclase 2D, membrane (retina-specific)"
335,ANPa,RGC,RGC,NA,NPR1,ANPRA_HUMAN,4881,natriuretic peptide receptor A/guanylate cyclase A (atrionatriuretic peptide receptor A)
336,ANPb,RGC,RGC,NA,NPR2,ANPRB_HUMAN,4882,natriuretic peptide receptor B/guanylate cyclase B (atrionatriuretic peptide receptor B)
337,MAP3K5,STE,STE11,ASK,MAP3K5,M3K5_HUMAN,4217,mitogen-activated protein kinase kinase kinase 5
338,MAP3K6,STE,STE11,ASK,MAP3K6,M3K6_HUMAN,9064,mitogen-activated protein kinase kinase kinase 6
339,MAP3K7,STE,STE11,ASK,MAP3K15,M3K15_HUMAN,389840,mitogen-activated protein kinase kinase kinase 15
340,MAP3K1,STE,STE11,MEKK1,MAP3K1,M3K1_HUMAN,4214,mitogen-activated protein kinase kinase kinase 1
341,MAP3K8,STE,STE11,MEKK15,YSK4,M3K8_HUMAN,80122,yeast Sps1/Ste20-related kinase 4 (S. cerevisiae)
342,MAP3K3,STE,STE11,MEKK2,MAP3K3,M3K3_HUMAN,4215,mitogen-activated protein kinase kinase kinase 3
343,MAP3K2,STE,STE11,MEKK2,MAP3K2,M3K2_HUMAN,10746,mitogen-activated protein kinase kinase kinase 2
344,MAP3K4,STE,STE11,MEKK4,MAP3K4,M3K4_HUMAN,4216,mitogen-activated protein kinase kinase kinase 4
345,OSR1,STE,STE20,FRAY,OXSR1,OXSR1_HUMAN,9943,oxidative-stress responsive 1
346,STLK3,STE,STE20,FRAY,STK39,STK39_HUMAN,27347,"serine threonine kinase 39 (STE20/SPS1 homolog, yeast)"
347,GCK,STE,STE20,KHS,MAP4K2,M4K2_HUMAN,5871,mitogen-activated protein kinase kinase kinase kinase 2
348,KHS2,STE,STE20,KHS,MAP4K3,M4K3_HUMAN,8491,mitogen-activated protein kinase kinase kinase kinase 3
349,KHS1,STE,STE20,KHS,MAP4K5,M4K5_HUMAN,11183,mitogen-activated protein kinase kinase kinase kinase 5
350,HPK1,STE,STE20,KHS,MAP4K1,M4K1_HUMAN,11184,mitogen-activated protein kinase kinase kinase kinase 1
351,HGK,STE,STE20,MSN,MAP4K4,M4K4_HUMAN,9448,mitogen-activated protein kinase kinase kinase kinase 4
352,TNIK,STE,STE20,MSN,TNIK,TNIK_HUMAN,23043,TRAF2 and NCK interacting kinase
353,NRK,STE,STE20,MSN,NRK,NRK_HUMAN,203447,Nik related kinase
354,MINK,STE,STE20,MSN,MINK1,MINK1_HUMAN,50488,misshapen-like kinase 1 (zebrafish)
355,MST2,STE,STE20,MST,STK3,STK3_HUMAN,6788,"serine/threonine kinase 3 (STE20 homolog, yeast)"
356,MST1,STE,STE20,MST,STK4,STK4_HUMAN,6789,serine/threonine kinase 4
357,MYO3A,STE,STE20,NinaC,MYO3A,MYO3A_HUMAN,53904,myosin IIIA
358,MYO3B,STE,STE20,NinaC,MYO3B,MYO3B_HUMAN,140469,myosin IIIB
359,PAK1,STE,STE20,PAK(PAKA),PAK1,PAK1_HUMAN,5058,"p21/Cdc42/Rac1-activated kinase 1 (STE20 homolog, yeast)"
360,PAK2,STE,STE20,PAK(PAKA),PAK2,PAK2_HUMAN,5062,p21 (CDKN1A)-activated kinase 2
361,PAK3,STE,STE20,PAK(PAKA),PAK3,PAK3_HUMAN,5063,p21 (CDKN1A)-activated kinase 3
362,PAK4,STE,STE20,PAK(PAKB),PAK4,PAK4_HUMAN,10298,p21(CDKN1A)-activated kinase 4
363,PAK6,STE,STE20,PAK(PAKB),PAK6,PAK6_HUMAN,56924,p21(CDKN1A)-activated kinase 6
364,PAK5,STE,STE20,PAK(PAKB),PAK7,PAK7_HUMAN,57144,p21(CDKN1A)-activated kinase 7
365,LOK,STE,STE20,SLK,STK10,STK10_HUMAN,6793,serine/threonine kinase 10
366,SLK,STE,STE20,SLK,SLK,SLK_HUMAN,9748,STE20-like kinase (yeast)
367,STLK6,STE,STE20,STLK,ALS2CR2,STRAB_HUMAN,55437,"amyotrophic lateral sclerosis 2 (juvenile) chromosome region, candidate 2"
368,STLK5,STE,STE20,STLK,LYK5,STRAA_HUMAN,92335,protein kinase LYK5
369,TAO2,STE,STE20,TAO,TAOK2,TAOK2_HUMAN,9344,TAO kinase 2
370,TAO3,STE,STE20,TAO,TAOK3,TAOK3_HUMAN,51347,TAO kinase 3
371,TAO1,STE,STE20,TAO,TAOK1,TAOK1_HUMAN,57551,TAO kinase 1
372,MST3,STE,STE20,YSK,STK24,STK24_HUMAN,8428,"serine/threonine kinase 24 (STE20 homolog, yeast)"
373,YSK1,STE,STE20,YSK,STK25,STK25_HUMAN,10494,"serine/threonine kinase 25 (STE20 homolog, yeast)"
374,MST4,STE,STE20,YSK,RP6-213H19.1,MST4_HUMAN,51765,serine/threonine protein kinase MST4
375,MAP2K1,STE,STE7,MAP2K(MEK1),MAP2K1,MP2K1_HUMAN,5604,mitogen-activated protein kinase kinase 1
376,MAP2K2,STE,STE7,MAP2K(MEK1),MAP2K2,MP2K2_HUMAN,5605,mitogen-activated protein kinase kinase 2
377,MAP2K3,STE,STE7,MAP2K(MEK3),MAP2K3,MP2K3_HUMAN,5606,mitogen-activated protein kinase kinase 3
378,MAP2K6,STE,STE7,MAP2K(MEK3),MAP2K6,MP2K6_HUMAN,5608,mitogen-activated protein kinase kinase 6
379,MAP2K4,STE,STE7,MAP2K(MEK4),MAP2K4,MP2K4_HUMAN,6416,mitogen-activated protein kinase kinase 4
380,MAP2K5,STE,STE7,MAP2K(MEK5),MAP2K5,MP2K5_HUMAN,5607,mitogen-activated protein kinase kinase 5
381,MAP2K7,STE,STE7,MAP2K(MEK7),MAP2K7,MP2K7_HUMAN,5609,mitogen-activated protein kinase kinase 7
382,COT,STE,STE-Unique,NA,MAP3K8,M3K8_HUMAN,1326,mitogen-activated protein kinase kinase kinase 8
383,NIK,STE,STE-Unique,NA,MAP3K14,M3K14_HUMAN,9020,mitogen-activated protein kinase kinase kinase 14
384,ABL1,TK,Abl,NA,ABL1,ABL1_HUMAN,25,v-abl Abelson murine leukemia viral oncogene homolog 1
385,ABL2,TK,Abl,NA,ABL2,ABL2_HUMAN,27,"v-abl Abelson murine leukemia viral oncogene homolog 2 (arg, Abelson-related gene)"
386,ACK,TK,Ack,NA,TNK2,ACK1_HUMAN,10188,"tyrosine kinase, non-receptor, 2"
387,TNK1,TK,Ack,NA,TNK1,TNK1_HUMAN,8711,"tyrosine kinase, non-receptor, 1"
388,ALK,TK,ALK,NA,ALK,ALK_HUMAN,238,anaplastic lymphoma kinase (Ki-1)
389,LTK,TK,ALK,NA,LTK,LTK_HUMAN,4058,leukocyte tyrosine kinase
390,AXL,TK,Axl,NA,AXL,UFO_HUMAN,558,AXL receptor tyrosine kinase
391,TYRO3,TK,Axl,NA,TYRO3,TYRO3_HUMAN,7301,TYRO3 protein tyrosine kinase
392,MER,TK,Axl,NA,MERTK,MERTK_HUMAN,10461,c-mer proto-oncogene tyrosine kinase
393,CCK4,TK,CCK4,NA,PTK7,PTK7_HUMAN,5754,PTK7 protein tyrosine kinase 7
394,CSK,TK,Csk,NA,CSK,CSK_HUMAN,1445,c-src tyrosine kinase
395,CTK,TK,Csk,NA,MATK,MATK_HUMAN,4145,megakaryocyte-associated tyrosine kinase
396,DDR1,TK,DDR,NA,DDR1,DDR1_HUMAN,780,"discoidin domain receptor family, member 1"
397,DDR2,TK,DDR,NA,DDR2,DDR2_HUMAN,4921,"discoidin domain receptor family, member 2"
398,EGFR,TK,EGFR,NA,EGFR,EGFR_HUMAN,1956,"epidermal growth factor receptor (erythroblastic leukemia viral (v-erb-b) oncogene homolog, avian)"
399,ErbB2,TK,EGFR,NA,ERBB2,ERBB2_HUMAN,2064,"v-erb-b2 erythroblastic leukemia viral oncogene homolog 2, neuro/glioblastoma derived oncogene homolog (avian)"
400,ErbB3,TK,EGFR,NA,ERBB3,ERBB3_HUMAN,2065,v-erb-b2 erythroblastic leukemia viral oncogene homolog 3 (avian)
401,ErbB4,TK,EGFR,NA,ERBB4,ERBB4_HUMAN,2066,v-erb-a erythroblastic leukemia viral oncogene homolog 4 (avian)
402,EphA2,TK,Eph,NA,EPHA2,EPHA2_HUMAN,1969,EPH receptor A2
403,EphA1,TK,Eph,NA,EPHA1,EPHA1_HUMAN,2041,EPH receptor A1
404,EphA3,TK,Eph,NA,EPHA3,EPHA3_HUMAN,2042,EPH receptor A3
405,EphA4,TK,Eph,NA,EPHA4,EPHA4_HUMAN,2043,EPH receptor A4
406,EphA5,TK,Eph,NA,EPHA5,EPHA5_HUMAN,2044,EPH receptor A5
407,EphA7,TK,Eph,NA,EPHA7,EPHA7_HUMAN,2045,EPH receptor A7
408,EphA8,TK,Eph,NA,EPHA8,EPHA8_HUMAN,2046,EPH receptor A8
409,EphB1,TK,Eph,NA,EPHB1,EPHB1_HUMAN,2047,EPH receptor B1
410,EphB2,TK,Eph,NA,EPHB2,EPHB2_HUMAN,2048,EPH receptor B2
411,EphB3,TK,Eph,NA,EPHB3,EPHB3_HUMAN,2049,EPH receptor B3
412,EphB4,TK,Eph,NA,EPHB4,EPHB4_HUMAN,2050,EPH receptor B4
413,EphB6,TK,Eph,NA,EPHB6,EPHB6_HUMAN,2051,EPH receptor B6
414,EphA10,TK,Eph,NA,EPHA10,EPHAA_HUMAN,284656,EPH receptor A10
415,EphA6,TK,Eph,NA,EPHA6,EPHA6_HUMAN,285220,EPH receptor A6
416,PYK2,TK,FAK,NA,PTK2B,FAK2_HUMAN,2185,PTK2B protein tyrosine kinase 2 beta
417,FAK,TK,FAK,NA,PTK2,FAK1_HUMAN,5747,PTK2 protein tyrosine kinase 2
418,FER,TK,Fer,NA,FER,FER_HUMAN,2241,fer (fps/fes related) tyrosine kinase (phosphoprotein NCP94)
419,FES,TK,Fer,NA,FES,FES_HUMAN,2242,feline sarcoma oncogene
420,FGFR1,TK,FGFR,NA,FGFR1,FGFR1_HUMAN,2260,"fibroblast growth factor receptor 1 (fms-related tyrosine kinase 2, Pfeiffer syndrome)"
421,FGFR3,TK,FGFR,NA,FGFR3,FGFR3_HUMAN,2261,"fibroblast growth factor receptor 3 (achondroplasia, thanatophoric dwarfism)"
422,FGFR2,TK,FGFR,NA,FGFR2,FGFR2_HUMAN,2263,"fibroblast growth factor receptor 2 (bacteria-expressed kinase, keratinocyte growth factor receptor, craniofacial dysostosis 1, Crouzon syndrome, Pfeiffer syndrome, Jackson-Weiss syndrome)"
423,FGFR4,TK,FGFR,NA,FGFR4,FGFR4_HUMAN,2264,fibroblast growth factor receptor 4
424,IGF1R,TK,InsR,NA,IGF1R,IGF1R_HUMAN,3480,insulin-like growth factor 1 receptor
425,INSR,TK,InsR,NA,INSR,INSR_HUMAN,3643,insulin receptor
426,IRR,TK,InsR,NA,INSRR,INSRR_HUMAN,3645,insulin receptor-related receptor
427,JAK1,TK,JAK,NA,JAK1,JAK1_HUMAN,3716,Janus kinase 1 (a protein tyrosine kinase)
428,JAK2,TK,JAK,NA,JAK2,JAK2_HUMAN,3717,Janus kinase 2 (a protein tyrosine kinase)
429,JAK3,TK,JAK,NA,JAK3,JAK3_HUMAN,3718,"Janus kinase 3 (a protein tyrosine kinase, leukocyte)"
430,TYK2,TK,JAK,NA,TYK2,TYK2_HUMAN,7297,tyrosine kinase 2
431,LMR1,TK,Lmr,NA,AATK,LMTK1_HUMAN,9625,apoptosis-associated tyrosine kinase
432,LMR2,TK,Lmr,NA,LMTK2,LMTK2_HUMAN,22853,lemur tyrosine kinase 2
433,LMR3,TK,Lmr,NA,LMTK3,LMTK3_HUMAN,NA,lemur tyrosine kinase 3
434,MET,TK,Met,NA,MET,MET_HUMAN,4233,met proto-oncogene (hepatocyte growth factor receptor)
435,RON,TK,Met,NA,MST1R,RON_HUMAN,4486,macrophage stimulating 1 receptor (c-met-related tyrosine kinase)
436,MUSK,TK,Musk,NA,MUSK,MUSK_HUMAN,4593,"muscle, skeletal, receptor tyrosine kinase"
437,FMS,TK,PDGFR,NA,CSF1R,CSF1R_HUMAN,1436,"colony stimulating factor 1 receptor, formerly McDonough feline sarcoma viral (v-fms) oncogene homolog"
438,FLT3,TK,PDGFR,NA,FLT3,FLT3_HUMAN,2322,fms-related tyrosine kinase 3
439,KIT,TK,PDGFR,NA,KIT,KIT_HUMAN,3815,v-kit Hardy-Zuckerman 4 feline sarcoma viral oncogene homolog
440,PDGFRa,TK,PDGFR,NA,PDGFRA,PGFRA_HUMAN,5156,"platelet-derived growth factor receptor, alpha polypeptide"
441,PDGFRb,TK,PDGFR,NA,PDGFRB,PGFRB_HUMAN,5159,"platelet-derived growth factor receptor, beta polypeptide"
442,RET,TK,Ret,NA,RET,RET_HUMAN,5979,"ret proto-oncogene (multiple endocrine neoplasia and medullary thyroid carcinoma 1, Hirschsprung disease)"
443,ROR1,TK,Ror,NA,ROR1,ROR1_HUMAN,4919,receptor tyrosine kinase-like orphan receptor 1
444,ROR2,TK,Ror,NA,ROR2,ROR2_HUMAN,4920,receptor tyrosine kinase-like orphan receptor 2
445,RYK,TK,Ryk,NA,RYK,RYK_HUMAN,6259,RYK receptor-like tyrosine kinase
446,ROS,TK,Sev,NA,ROS1,ROS1_HUMAN,6098,v-ros UR2 sarcoma virus oncogene homolog 1 (avian)
447,FRK,TK,Src,Frk,FRK,FRK_HUMAN,2444,fyn-related kinase
448,FGR,TK,Src,SrcA,FGR,FGR_HUMAN,2268,Gardner-Rasheed feline sarcoma viral (v-fgr) oncogene homolog
449,FYN,TK,Src,SrcA,FYN,FYN_HUMAN,2534,"FYN oncogene related to SRC, FGR, YES"
450,SRC,TK,Src,SrcA,SRC,SRC_HUMAN,6714,v-src sarcoma (Schmidt-Ruppin A-2) viral oncogene homolog (avian)
451,YES,TK,Src,SrcA,YES1,YES_HUMAN,7525,v-yes-1 Yamaguchi sarcoma viral oncogene homolog 1
452,BLK,TK,Src,SrcB,BLK,BLK_HUMAN,640,B lymphoid tyrosine kinase
453,HCK,TK,Src,SrcB,HCK,HCK_HUMAN,3055,hemopoietic cell kinase
454,LCK,TK,Src,SrcB,LCK,LCK_HUMAN,3932,lymphocyte-specific protein tyrosine kinase
455,LYN,TK,Src,SrcB,LYN,LYN_HUMAN,4067,v-yes-1 Yamaguchi sarcoma viral related oncogene homolog
456,BRK,TK,Src,SRM,PTK6,PTK6_HUMAN,5753,PTK6 protein tyrosine kinase 6
457,SRM,TK,Src,SRM,SRMS,SRMS_HUMAN,6725,src-related kinase lacking C-terminal regulatory tyrosine and N-terminal myristylation sites
458,SYK,TK,Syk,NA,SYK,KSYK_HUMAN,6850,spleen tyrosine kinase
459,ZAP70,TK,Syk,NA,ZAP70,ZAP70_HUMAN,7535,zeta-chain (TCR) associated protein kinase 70kDa
460,BMX,TK,Tec,NA,BMX,BMX_HUMAN,660,BMX non-receptor tyrosine kinase
461,BTK,TK,Tec,NA,BTK,BTK_HUMAN,695,Bruton agammaglobulinemia tyrosine kinase
462,ITK,TK,Tec,NA,ITK,ITK_HUMAN,3702,IL2-inducible T-cell kinase
463,TEC,TK,Tec,NA,TEC,TEC_HUMAN,7006,tec protein tyrosine kinase
464,TXK,TK,Tec,NA,TXK,TXK_HUMAN,7294,TXK tyrosine kinase
465,TIE2,TK,Tie,NA,TEK,TIE2_HUMAN,7010,"TEK tyrosine kinase, endothelial (venous malformations, multiple cutaneous and mucosal)"
466,TIE1,TK,Tie,NA,TIE1,TIE1_HUMAN,7075,tyrosine kinase with immunoglobulin-like and EGF-like domains 1
467,SuRTK106,TK,TK-Unique,NA,STYK1,STYK1_HUMAN,55359,serine/threonine/tyrosine kinase 1
468,TRKA,TK,Trk,NA,NTRK1,NTRK1_HUMAN,4914,"neurotrophic tyrosine kinase, receptor, type 1"
469,TRKB,TK,Trk,NA,NTRK2,NTRK2_HUMAN,4915,"neurotrophic tyrosine kinase, receptor, type 2"
470,TRKC,TK,Trk,NA,NTRK3,NTRK3_HUMAN,4916,"neurotrophic tyrosine kinase, receptor, type 3"
471,FLT1,TK,VEGFR,NA,FLT1,VGFR1_HUMAN,2321,fms-related tyrosine kinase 1 (vascular endothelial growth factor/vascular permeability factor receptor)
472,FLT4,TK,VEGFR,NA,FLT4,VGFR3_HUMAN,2324,fms-related tyrosine kinase 4
473,KDR,TK,VEGFR,NA,KDR,VGFR2_HUMAN,3791,kinase insert domain receptor (a type III receptor tyrosine kinase)
474,IRAK1,TKL,IRAK,NA,IRAK1,IRAK1_HUMAN,3654,interleukin-1 receptor-associated kinase 1
475,IRAK2,TKL,IRAK,NA,IRAK2,IRAK2_HUMAN,3656,interleukin-1 receptor-associated kinase 2
476,IRAK3,TKL,IRAK,NA,IRAK3,IRAK3_HUMAN,11213,interleukin-1 receptor-associated kinase 3
477,IRAK4,TKL,IRAK,NA,IRAK4,IRAK4_HUMAN,51135,interleukin-1 receptor-associated kinase 4
478,LIMK1,TKL,LISK,LIMK,LIMK1,LIMK1_HUMAN,3984,LIM domain kinase 1
479,LIMK2,TKL,LISK,LIMK,LIMK2,LIMK2_HUMAN,3985,LIM domain kinase 2
480,TESK1,TKL,LISK,TESK,TESK1,TESK1_HUMAN,7016,testis-specific kinase 1
481,TESK2,TKL,LISK,TESK,TESK2,TESK2_HUMAN,10420,testis-specific kinase 2
482,LRRK1,TKL,LRRK,NA,LRRK1,LRRK1_HUMAN,79705,leucine-rich repeat kinase 1
483,LRRK2,TKL,LRRK,NA,LRRK2,LRRK2_HUMAN,120892,leucine-rich repeat kinase 2
484,HH498,TKL,MLK,HH498,TNNI3K,TNI3K_HUMAN,51086,TNNI3 interacting kinase
485,ILK,TKL,MLK,ILK,ILK,ILK_HUMAN,3611,integrin-linked kinase
486,DLK,TKL,MLK,LZK,MAP3K12,M3K12_HUMAN,7786,mitogen-activated protein kinase kinase kinase 12
487,LZK,TKL,MLK,LZK,MAP3K13,M3K13_HUMAN,9175,mitogen-activated protein kinase kinase kinase 13
488,MLK1,TKL,MLK,MLK,MAP3K9,M3K9_HUMAN,4293,mitogen-activated protein kinase kinase kinase 9
489,MLK2,TKL,MLK,MLK,MAP3K10,M3K10_HUMAN,4294,mitogen-activated protein kinase kinase kinase 10
490,MLK3,TKL,MLK,MLK,MAP3K11,M3K11_HUMAN,4296,mitogen-activated protein kinase kinase kinase 11
491,MLK4,TKL,MLK,MLK,KIAA1804,M3KL4_HUMAN,84451,mixed lineage kinase 4
492,TAK1,TKL,MLK,TAK1,MAP3K7,M3K7_HUMAN,6885,mitogen-activated protein kinase kinase kinase 7
493,ZAK,TKL,MLK,ZAK,ZAK,MLTK_HUMAN,51776,sterile alpha motif and leucine zipper containing kinase AZK
494,KSR1,TKL,RAF,KSR,KSR1,KSR1_HUMAN,8844,kinase suppressor of ras 1
495,KSR2,TKL,RAF,KSR,KSR2,KSR2_HUMAN,283455,kinase suppressor of ras 2
496,ARAF,TKL,RAF,RAF,ARAF,ARAF_HUMAN,369,v-raf murine sarcoma 3611 viral oncogene homolog
497,BRAF,TKL,RAF,RAF,BRAF,BRAF_HUMAN,673,v-raf murine sarcoma viral oncogene homolog B1
498,RAF1,TKL,RAF,RAF,RAF1,RAF1_HUMAN,5894,v-raf-1 murine leukemia viral oncogene homolog 1
499,RIPK1,TKL,RIPK,NA,RIPK1,RIPK1_HUMAN,8737,receptor (TNFRSF)-interacting serine-threonine kinase 1
500,RIPK2,TKL,RIPK,NA,RIPK2,RIPK2_HUMAN,8767,receptor-interacting serine-threonine kinase 2
501,RIPK3,TKL,RIPK,NA,RIPK3,RIPK3_HUMAN,11035,receptor-interacting serine-threonine kinase 3
502,ANKRD3,TKL,RIPK,NA,RIPK4,RIPK4_HUMAN,NA,receptor-interacting serine-threonine kinase 4
503,SgK288,TKL,RIPK,NA,ANKK1,ANKK1_HUMAN,255239,ankyrin repeat and kinase domain containing 1
504,ALK2,TKL,STKR,Type1,ACVR1,ACVR1_HUMAN,90,"activin A receptor, type I"
505,ALK4,TKL,STKR,Type1,ACVR1B,ACV1B_HUMAN,91,"activin A receptor, type IB"
506,ALK1,TKL,STKR,Type1,ACVRL1,ACVL1_HUMAN,94,activin A receptor type II-like 1
507,BMPR1A,TKL,STKR,Type1,BMPR1A,BMR1A_HUMAN,657,"bone morphogenetic protein receptor, type IA"
508,BMPR1B,TKL,STKR,Type1,BMPR1B,BMR1B_HUMAN,658,"bone morphogenetic protein receptor, type IB"
509,TGFbR1,TKL,STKR,Type1,TGFBR1,TGFR1_HUMAN,7046,"transforming growth factor, beta receptor I (activin A receptor type II-like kinase, 53kDa)"
510,ALK7,TKL,STKR,Type1,ACVR1C,ACV1C_HUMAN,130399,"activin A receptor, type IC"
511,ACTR2,TKL,STKR,Type2,ACVR2A,AVR2A_HUMAN,92,"activin A receptor, type IIA"
512,ACTR2B,TKL,STKR,Type2,ACVR2B,AVR2B_HUMAN,93,"activin A receptor, type IIB"
513,MISR2,TKL,STKR,Type2,AMHR2,AMHR2_HUMAN,269,"anti-Mullerian hormone receptor, type II"
514,BMPR2,TKL,STKR,Type2,BMPR2,BMPR2_HUMAN,659,"bone morphogenetic protein receptor, type II (serine/threonine kinase)"
515,TGFbR2,TKL,STKR,Type2,TGFBR2,TGFR2_HUMAN,7048,"transforming growth factor, beta receptor II (70/80kDa)"
516,MLKL,TKL,TKL-Unique,NA,MLKL,MLKL_HUMAN,197259,mixed lineage kinase domain-like
517,CK2a1-rs,CMGC,CK2,NA,NA,CSK21_HUMAN,1457,"casein kinase 2, alpha 1 polypeptide"
518,STLK6-rs,STE,STE20,STLK,NA,STRAB_HUMAN,55437,STE20-related kinase adaptor beta
519,MEKK15,Atypical,MEKK15,NA,NA,NA,NA,NA
520,TIF1D,Atypical,TIF1,NA,NA,TRI66_HUMAN,9866,Tripartite motif-containing protein 66
521,GTF2F1,Atypical,GTF2F1,NA,NA,T2FA_HUMAN,2962,"general transcription factor IIF, polypeptide 1, 74kDa"
522,Col4A3BP,Atypical,Col4A3BP,NA,NA,C43BP_HUMAN,10087,"collagen, type IV, alpha 3 (Goodpasture antigen) binding protein"
523,BLVRA,Atypical,BLVRA,NA,NA,BIEA_HUMAN,644,biliverdin reductase A
524,ABR,Atypical,BCR,NA,NA,ABR_HUMAN,29,active BCR-related
525,BAZ1A,Atypical,BAZ,NA,NA,BAZ1A_HUMAN,11177,"bromodomain adjacent to zinc finger domain, 1A"
526,BAZ1B,Atypical,BAZ,NA,NA,BAZ1B_HUMAN,9031,"bromodomain adjacent to zinc finger domain, 1B"
527,CDK11b,CMGC,CDK,CDK11,NA,CD11B_HUMAN,984,cyclin dependent kinase 11B
528,NME1A,NDK,NDK,NA,NA,NA,NA,NA
529,NME1B,NDK,NDK,NA,NA,NA,NA,NA
530,NME3,NDK,NDK,NA,NA,NDK3_HUMAN,4832,NME/NM23 nucleoside diphosphate kinase 3
531,NME4,NDK,NDK,NA,NA,NDKM_HUMAN,4833,NME/NM23 nucleoside diphosphate kinase 4
532,NME5,NDK,NDK,NA,NA,NDK5_HUMAN,8382,NME/NM23 family member 5
533,NME6,NDK,NDK,NA,NA,NDK6_HUMAN,10201,NME/NM23 nucleoside diphosphate kinase 6
534,NME7a,NDK,NDK,NA,NA,NA,NA,NA
535,TXNDC3,NDK,NDK,NA,NA,TXND3_HUMAN,51314,NME/NM23 family member 8
536,TXNDC6,NDK,NDK,NA,NA,TXND6_HUMAN,347736,NME/NM23 family member 9
537,PAN3,Other,PAN3,NA,NA,PAN3_HUMAN,255967,PAN3 poly(A) specific ribonuclease subunit homolog (S. cerevisiae)
538,FAM198A,PKL,FJ,NA,NA,F198A_HUMAN,729085,"family with sequence similarity 198, member A"
539,FAM198B,PKL,FJ,NA,NA,F198B_HUMAN,51313,"family with sequence similarity 198, member B"
540,FAM20A,PKL,FJ,NA,NA,FA20A_HUMAN,54757,"family with sequence similarity 20, member A"
541,FAM20B,PKL,FJ,NA,NA,XYLK_HUMAN,9917,"family with sequence similarity 20, member B"
542,FAM20C,PKL,FJ,NA,NA,DMP4_HUMAN,56975,"family with sequence similarity 20, member C"
543,FJB1,PKL,FJ,NA,NA,NA,NA,NA
