ID,Group,Family,Subfamily,Kinase,Gene_Symbol
41_654_666,TK,EGFR,NA,EGFR,EGFR
41_654_666,TK,EGFR,NA,ERBB2,ERBB2
41_654_666,TK,EGFR,NA,ERBB3,ERBB3
41_654_666,TK,EGFR,NA,ERBB4,ERBB4
AKT1_309_321_C310S,TK,RET,NA,RET,RET
AKT1_309_321_C310S,TK,SRC,FRK,FRK,FRK
AKT1_309_321_C310S,TK,SRC,SRCA,FGR,FGR
AKT1_309_321_C310S,TK,SRC,SRCA,FYN,FYN
AKT1_309_321_C310S,TK,SRC,SRCA,SRC,SRC
AKT1_309_321_C310S,TK,SRC,SRCA,YES,YES1
AKT1_309_321_C310S,TK,SRC,SRCB,BLK,BLK
AKT1_309_321_C310S,TK,SRC,SRCB,HCK,HCK
AKT1_309_321_C310S,TK,SRC,SRCB,LCK,LCK
AKT1_309_321_C310S,TK,SRC,SRCB,LYN,LYN
AKT1_309_321_C310S,TK,SRC,SRM,BRK,PTK6
AKT1_309_321_C310S,TK,SRC,SRM,SRM,SRMS
AKT1_320_332,TK,SRC,FRK,FRK,FRK
AKT1_320_332,TK,SRC,SRCA,FGR,FGR
AKT1_320_332,TK,SRC,SRCA,FYN,FYN
AKT1_320_332,TK,SRC,SRCA,SRC,SRC
AKT1_320_332,TK,SRC,SRCA,YES,YES1
AKT1_320_332,TK,SRC,SRCB,BLK,BLK
AKT1_320_332,TK,SRC,SRCB,HCK,HCK
AKT1_320_332,TK,SRC,SRCB,LCK,LCK
AKT1_320_332,TK,SRC,SRCB,LYN,LYN
AKT1_320_332,TK,SRC,SRM,BRK,PTK6
AKT1_320_332,TK,SRC,SRM,SRM,SRMS
ANXA1_14_26,TK,EGFR,NA,EGFR,EGFR
ANXA1_14_26,TK,EGFR,NA,ERBB2,ERBB2
ANXA1_14_26,TK,EGFR,NA,ERBB3,ERBB3
ANXA1_14_26,TK,EGFR,NA,ERBB4,ERBB4
ANXA1_14_26,TK,SRC,FRK,FRK,FRK
ANXA1_14_26,TK,SRC,SRCA,FGR,FGR
ANXA1_14_26,TK,SRC,SRCA,FYN,FYN
ANXA1_14_26,TK,SRC,SRCA,SRC,SRC
ANXA1_14_26,TK,SRC,SRCA,YES,YES1
ANXA1_14_26,TK,SRC,SRCB,BLK,BLK
ANXA1_14_26,TK,SRC,SRCB,HCK,HCK
ANXA1_14_26,TK,SRC,SRCB,LCK,LCK
ANXA1_14_26,TK,SRC,SRCB,LYN,LYN
ANXA1_14_26,TK,SRC,SRM,BRK,PTK6
ANXA1_14_26,TK,SRC,SRM,SRM,SRMS
ANXA2_17_29,TK,SRC,FRK,FRK,FRK
ANXA2_17_29,TK,SRC,SRCA,FGR,FGR
ANXA2_17_29,TK,SRC,SRCA,FYN,FYN
ANXA2_17_29,TK,SRC,SRCA,SRC,SRC
ANXA2_17_29,TK,SRC,SRCA,YES,YES1
ANXA2_17_29,TK,SRC,SRCB,BLK,BLK
ANXA2_17_29,TK,SRC,SRCB,HCK,HCK
ANXA2_17_29,TK,SRC,SRCB,LCK,LCK
ANXA2_17_29,TK,SRC,SRCB,LYN,LYN
ANXA2_17_29,TK,SRC,SRM,BRK,PTK6
ANXA2_17_29,TK,SRC,SRM,SRM,SRMS
ARAF_297_307,TK,SRC,FRK,FRK,FRK
ARAF_297_307,TK,SRC,SRCA,FGR,FGR
ARAF_297_307,TK,SRC,SRCA,FYN,FYN
ARAF_297_307,TK,SRC,SRCA,SRC,SRC
ARAF_297_307,TK,SRC,SRCA,YES,YES1
ARAF_297_307,TK,SRC,SRCB,BLK,BLK
ARAF_297_307,TK,SRC,SRCB,HCK,HCK
ARAF_297_307,TK,SRC,SRCB,LCK,LCK
ARAF_297_307,TK,SRC,SRCB,LYN,LYN
ARAF_297_307,TK,SRC,SRM,BRK,PTK6
ARAF_297_307,TK,SRC,SRM,SRM,SRMS
CBL_693_705,TK,EGFR,NA,EGFR,EGFR
CBL_693_705,TK,EGFR,NA,ERBB2,ERBB2
CBL_693_705,TK,EGFR,NA,ERBB3,ERBB3
CBL_693_705,TK,EGFR,NA,ERBB4,ERBB4
CBL_693_705,TK,INSR,NA,IGF1R,IGF1R
CBL_693_705,TK,INSR,NA,INSR,INSR
CBL_693_705,TK,INSR,NA,IRR,INSRR
CBL_693_705,TK,SYK,NA,SYK,SYK
CBL_693_705,TK,SYK,NA,ZAP70,ZAP70
CDK1_9_21,TK,SRC,FRK,FRK,FRK
CDK1_9_21,TK,SRC,SRCA,FGR,FGR
CDK1_9_21,TK,SRC,SRCA,FYN,FYN
CDK1_9_21,TK,SRC,SRCA,SRC,SRC
CDK1_9_21,TK,SRC,SRCA,YES,YES1
CDK1_9_21,TK,SRC,SRCB,BLK,BLK
CDK1_9_21,TK,SRC,SRCB,HCK,HCK
CDK1_9_21,TK,SRC,SRCB,LCK,LCK
CDK1_9_21,TK,SRC,SRCB,LYN,LYN
CDK1_9_21,TK,SRC,SRM,BRK,PTK6
CDK1_9_21,TK,SRC,SRM,SRM,SRMS
CDK2_8_20,TK,SRC,FRK,FRK,FRK
CDK2_8_20,TK,SRC,SRCA,FGR,FGR
CDK2_8_20,TK,SRC,SRCA,FYN,FYN
CDK2_8_20,TK,SRC,SRCA,SRC,SRC
CDK2_8_20,TK,SRC,SRCA,YES,YES1
CDK2_8_20,TK,SRC,SRCB,BLK,BLK
CDK2_8_20,TK,SRC,SRCB,HCK,HCK
CDK2_8_20,TK,SRC,SRCB,LCK,LCK
CDK2_8_20,TK,SRC,SRCB,LYN,LYN
CDK2_8_20,TK,SRC,SRM,BRK,PTK6
CDK2_8_20,TK,SRC,SRM,SRM,SRMS
CDK4_11_23,TK,SRC,FRK,FRK,FRK
CDK4_11_23,TK,SRC,SRCA,FGR,FGR
CDK4_11_23,TK,SRC,SRCA,FYN,FYN
CDK4_11_23,TK,SRC,SRCA,SRC,SRC
CDK4_11_23,TK,SRC,SRCA,YES,YES1
CDK4_11_23,TK,SRC,SRCB,BLK,BLK
CDK4_11_23,TK,SRC,SRCB,HCK,HCK
CDK4_11_23,TK,SRC,SRCB,LCK,LCK
CDK4_11_23,TK,SRC,SRCB,LYN,LYN
CDK4_11_23,TK,SRC,SRM,BRK,PTK6
CDK4_11_23,TK,SRC,SRM,SRM,SRMS
CRK_214_226,TK,EGFR,NA,EGFR,EGFR
CRK_214_226,TK,EGFR,NA,ERBB2,ERBB2
CRK_214_226,TK,EGFR,NA,ERBB3,ERBB3
CRK_214_226,TK,EGFR,NA,ERBB4,ERBB4
CTNB1_79_91,TK,SRC,FRK,FRK,FRK
CTNB1_79_91,TK,SRC,SRCA,FGR,FGR
CTNB1_79_91,TK,SRC,SRCA,FYN,FYN
CTNB1_79_91,TK,SRC,SRCA,SRC,SRC
CTNB1_79_91,TK,SRC,SRCA,YES,YES1
CTNB1_79_91,TK,SRC,SRCB,BLK,BLK
CTNB1_79_91,TK,SRC,SRCB,HCK,HCK
CTNB1_79_91,TK,SRC,SRCB,LCK,LCK
CTNB1_79_91,TK,SRC,SRCB,LYN,LYN
CTNB1_79_91,TK,SRC,SRM,BRK,PTK6
CTNB1_79_91,TK,SRC,SRM,SRM,SRMS
CTNB1_79_91,TK,CSK,NA,CSK,CSK
CTNB1_79_91,TK,CSK,NA,CTK,MATK
DCX_109_121,TK,ABL,NA,ABL1,ABL1
DCX_109_121,TK,ABL,NA,ABL2,ABL2
DCX_67_79,TK,ABL,NA,ABL1,ABL1
DCX_67_79,TK,ABL,NA,ABL2,ABL2
EFS_246_258,TK,SRC,FRK,FRK,FRK
EFS_246_258,TK,SRC,SRCA,FGR,FGR
EFS_246_258,TK,SRC,SRCA,FYN,FYN
EFS_246_258,TK,SRC,SRCA,SRC,SRC
EFS_246_258,TK,SRC,SRCA,YES,YES1
EFS_246_258,TK,SRC,SRCB,BLK,BLK
EFS_246_258,TK,SRC,SRCB,HCK,HCK
EFS_246_258,TK,SRC,SRCB,LCK,LCK
EFS_246_258,TK,SRC,SRCB,LYN,LYN
EFS_246_258,TK,SRC,SRM,BRK,PTK6
EFS_246_258,TK,SRC,SRM,SRM,SRMS
EGFR_1062_1074,TK,EGFR,NA,EGFR,EGFR
EGFR_1062_1074,TK,EGFR,NA,ERBB2,ERBB2
EGFR_1062_1074,TK,EGFR,NA,ERBB3,ERBB3
EGFR_1062_1074,TK,EGFR,NA,ERBB4,ERBB4
EGFR_1103_1115,TK,EGFR,NA,EGFR,EGFR
EGFR_1103_1115,TK,EGFR,NA,ERBB2,ERBB2
EGFR_1103_1115,TK,EGFR,NA,ERBB3,ERBB3
EGFR_1103_1115,TK,EGFR,NA,ERBB4,ERBB4
EGFR_1118_1130,TK,SRC,FRK,FRK,FRK
EGFR_1118_1130,TK,SRC,SRCA,FGR,FGR
EGFR_1118_1130,TK,SRC,SRCA,FYN,FYN
EGFR_1118_1130,TK,SRC,SRCA,SRC,SRC
EGFR_1118_1130,TK,SRC,SRCA,YES,YES1
EGFR_1118_1130,TK,SRC,SRCB,BLK,BLK
EGFR_1118_1130,TK,SRC,SRCB,HCK,HCK
EGFR_1118_1130,TK,SRC,SRCB,LCK,LCK
EGFR_1118_1130,TK,SRC,SRCB,LYN,LYN
EGFR_1118_1130,TK,SRC,SRM,BRK,PTK6
EGFR_1118_1130,TK,SRC,SRM,SRM,SRMS
EGFR_1165_1177,TK,EGFR,NA,EGFR,EGFR
EGFR_1165_1177,TK,EGFR,NA,ERBB2,ERBB2
EGFR_1165_1177,TK,EGFR,NA,ERBB3,ERBB3
EGFR_1165_1177,TK,EGFR,NA,ERBB4,ERBB4
EGFR_1190_1202,TK,EGFR,NA,EGFR,EGFR
EGFR_1190_1202,TK,EGFR,NA,ERBB2,ERBB2
EGFR_1190_1202,TK,EGFR,NA,ERBB3,ERBB3
EGFR_1190_1202,TK,EGFR,NA,ERBB4,ERBB4
EGFR_862_874,TK,EGFR,NA,EGFR,EGFR
EGFR_862_874,TK,EGFR,NA,ERBB2,ERBB2
EGFR_862_874,TK,EGFR,NA,ERBB3,ERBB3
EGFR_862_874,TK,EGFR,NA,ERBB4,ERBB4
EGFR_862_874,TK,SRC,FRK,FRK,FRK
EGFR_862_874,TK,SRC,SRCA,FGR,FGR
EGFR_862_874,TK,SRC,SRCA,FYN,FYN
EGFR_862_874,TK,SRC,SRCA,SRC,SRC
EGFR_862_874,TK,SRC,SRCA,YES,YES1
EGFR_862_874,TK,SRC,SRCB,BLK,BLK
EGFR_862_874,TK,SRC,SRCB,HCK,HCK
EGFR_862_874,TK,SRC,SRCB,LCK,LCK
EGFR_862_874,TK,SRC,SRCB,LYN,LYN
EGFR_862_874,TK,SRC,SRM,BRK,PTK6
EGFR_862_874,TK,SRC,SRM,SRM,SRMS
EGFR_908_920,TK,SRC,FRK,FRK,FRK
EGFR_908_920,TK,SRC,SRCA,FGR,FGR
EGFR_908_920,TK,SRC,SRCA,FYN,FYN
EGFR_908_920,TK,SRC,SRCA,SRC,SRC
EGFR_908_920,TK,SRC,SRCA,YES,YES1
EGFR_908_920,TK,SRC,SRCB,BLK,BLK
EGFR_908_920,TK,SRC,SRCB,HCK,HCK
EGFR_908_920,TK,SRC,SRCB,LCK,LCK
EGFR_908_920,TK,SRC,SRCB,LYN,LYN
EGFR_908_920,TK,SRC,SRM,BRK,PTK6
EGFR_908_920,TK,SRC,SRM,SRM,SRMS
ENOG_37_49,TK,SRC,FRK,FRK,FRK
ENOG_37_49,TK,SRC,SRCA,FGR,FGR
ENOG_37_49,TK,SRC,SRCA,FYN,FYN
ENOG_37_49,TK,SRC,SRCA,SRC,SRC
ENOG_37_49,TK,SRC,SRCA,YES,YES1
ENOG_37_49,TK,SRC,SRCB,BLK,BLK
ENOG_37_49,TK,SRC,SRCB,HCK,HCK
ENOG_37_49,TK,SRC,SRCB,LCK,LCK
ENOG_37_49,TK,SRC,SRCB,LYN,LYN
ENOG_37_49,TK,SRC,SRM,BRK,PTK6
ENOG_37_49,TK,SRC,SRM,SRM,SRMS
ERBB2_1241_1253,TK,EGFR,NA,EGFR,EGFR
ERBB2_1241_1253,TK,EGFR,NA,ERBB2,ERBB2
ERBB2_1241_1253,TK,EGFR,NA,ERBB3,ERBB3
ERBB2_1241_1253,TK,EGFR,NA,ERBB4,ERBB4
FAK1_569_581,TK,INSR,NA,IGF1R,IGF1R
FAK1_569_581,TK,INSR,NA,INSR,INSR
FAK1_569_581,TK,INSR,NA,IRR,INSRR
FAK1_569_581,TK,RET,NA,RET,RET
FAK1_569_581,TK,MET,NA,MET,MET
FAK1_569_581,TK,MET,NA,RON,MST1R
FAK1_569_581,TK,SRC,FRK,FRK,FRK
FAK1_569_581,TK,SRC,SRCA,FGR,FGR
FAK1_569_581,TK,SRC,SRCA,FYN,FYN
FAK1_569_581,TK,SRC,SRCA,SRC,SRC
FAK1_569_581,TK,SRC,SRCA,YES,YES1
FAK1_569_581,TK,SRC,SRCB,BLK,BLK
FAK1_569_581,TK,SRC,SRCB,HCK,HCK
FAK1_569_581,TK,SRC,SRCB,LCK,LCK
FAK1_569_581,TK,SRC,SRCB,LYN,LYN
FAK1_569_581,TK,SRC,SRM,BRK,PTK6
FAK1_569_581,TK,SRC,SRM,SRM,SRMS
FAK2_572_584,TK,INSR,NA,IGF1R,IGF1R
FAK2_572_584,TK,INSR,NA,INSR,INSR
FAK2_572_584,TK,INSR,NA,IRR,INSRR
FAK2_572_584,TK,RET,NA,RET,RET
FAK2_572_584,TK,MET,NA,MET,MET
FAK2_572_584,TK,MET,NA,RON,MST1R
FAK2_572_584,TK,SRC,FRK,FRK,FRK
FAK2_572_584,TK,SRC,SRCA,FGR,FGR
FAK2_572_584,TK,SRC,SRCA,FYN,FYN
FAK2_572_584,TK,SRC,SRCA,SRC,SRC
FAK2_572_584,TK,SRC,SRCA,YES,YES1
FAK2_572_584,TK,SRC,SRCB,BLK,BLK
FAK2_572_584,TK,SRC,SRCB,HCK,HCK
FAK2_572_584,TK,SRC,SRCB,LCK,LCK
FAK2_572_584,TK,SRC,SRCB,LYN,LYN
FAK2_572_584,TK,SRC,SRM,BRK,PTK6
FAK2_572_584,TK,SRC,SRM,SRM,SRMS
FER_707_719,TK,SRC,FRK,FRK,FRK
FER_707_719,TK,SRC,SRCA,FGR,FGR
FER_707_719,TK,SRC,SRCA,FYN,FYN
FER_707_719,TK,SRC,SRCA,SRC,SRC
FER_707_719,TK,SRC,SRCA,YES,YES1
FER_707_719,TK,SRC,SRCB,BLK,BLK
FER_707_719,TK,SRC,SRCB,HCK,HCK
FER_707_719,TK,SRC,SRCB,LCK,LCK
FER_707_719,TK,SRC,SRCB,LYN,LYN
FER_707_719,TK,SRC,SRM,BRK,PTK6
FER_707_719,TK,SRC,SRM,SRM,SRMS
FER_707_719,TK,FER,NA,FER,FER
FER_707_719,TK,FER,NA,FES,FES
FYN_525_537,TK,SRC,FRK,FRK,FRK
FYN_525_537,TK,SRC,SRCA,FGR,FGR
FYN_525_537,TK,SRC,SRCA,FYN,FYN
FYN_525_537,TK,SRC,SRCA,SRC,SRC
FYN_525_537,TK,SRC,SRCA,YES,YES1
FYN_525_537,TK,SRC,SRCB,BLK,BLK
FYN_525_537,TK,SRC,SRCB,HCK,HCK
FYN_525_537,TK,SRC,SRCB,LCK,LCK
FYN_525_537,TK,SRC,SRCB,LYN,LYN
FYN_525_537,TK,SRC,SRM,BRK,PTK6
FYN_525_537,TK,SRC,SRM,SRM,SRMS
FYN_525_537,TK,CSK,NA,CSK,CSK
FYN_525_537,TK,CSK,NA,CTK,MATK
GAB1_622_632,TK,EGFR,NA,EGFR,EGFR
GAB1_622_632,TK,EGFR,NA,ERBB2,ERBB2
GAB1_622_632,TK,EGFR,NA,ERBB3,ERBB3
GAB1_622_632,TK,EGFR,NA,ERBB4,ERBB4
GAB1_622_632,TK,INSR,NA,IGF1R,IGF1R
GAB1_622_632,TK,INSR,NA,INSR,INSR
GAB1_622_632,TK,INSR,NA,IRR,INSRR
GAB1_622_632,TK,MET,NA,MET,MET
GAB1_622_632,TK,MET,NA,RON,MST1R
GAB1_622_632,TK,SRC,FRK,FRK,FRK
GAB1_622_632,TK,SRC,SRCA,FGR,FGR
GAB1_622_632,TK,SRC,SRCA,FYN,FYN
GAB1_622_632,TK,SRC,SRCA,SRC,SRC
GAB1_622_632,TK,SRC,SRCA,YES,YES1
GAB1_622_632,TK,SRC,SRCB,BLK,BLK
GAB1_622_632,TK,SRC,SRCB,HCK,HCK
GAB1_622_632,TK,SRC,SRCB,LCK,LCK
GAB1_622_632,TK,SRC,SRCB,LYN,LYN
GAB1_622_632,TK,SRC,SRM,BRK,PTK6
GAB1_622_632,TK,SRC,SRM,SRM,SRMS
GAB1_622_632,TK,FER,NA,FER,FER
GAB1_622_632,TK,FER,NA,FES,FES
GAB2_638_648,TK,EGFR,NA,EGFR,EGFR
GAB2_638_648,TK,EGFR,NA,ERBB2,ERBB2
GAB2_638_648,TK,EGFR,NA,ERBB3,ERBB3
GAB2_638_648,TK,EGFR,NA,ERBB4,ERBB4
GAB2_638_648,TK,INSR,NA,IGF1R,IGF1R
GAB2_638_648,TK,INSR,NA,INSR,INSR
GAB2_638_648,TK,INSR,NA,IRR,INSRR
GAB2_638_648,TK,MET,NA,MET,MET
GAB2_638_648,TK,MET,NA,RON,MST1R
INSR_1348_1360,TK,INSR,NA,IGF1R,IGF1R
INSR_1348_1360,TK,INSR,NA,INSR,INSR
INSR_1348_1360,TK,INSR,NA,IRR,INSRR
INSR_992_1004,TK,SRC,FRK,FRK,FRK
INSR_992_1004,TK,SRC,SRCA,FGR,FGR
INSR_992_1004,TK,SRC,SRCA,FYN,FYN
INSR_992_1004,TK,SRC,SRCA,SRC,SRC
INSR_992_1004,TK,SRC,SRCA,YES,YES1
INSR_992_1004,TK,SRC,SRCB,BLK,BLK
INSR_992_1004,TK,SRC,SRCB,HCK,HCK
INSR_992_1004,TK,SRC,SRCB,LCK,LCK
INSR_992_1004,TK,SRC,SRCB,LYN,LYN
INSR_992_1004,TK,SRC,SRM,BRK,PTK6
INSR_992_1004,TK,SRC,SRM,SRM,SRMS
INSR_992_1004,TK,INSR,NA,IGF1R,IGF1R
INSR_992_1004,TK,INSR,NA,INSR,INSR
INSR_992_1004,TK,INSR,NA,IRR,INSRR
IRS1_890_902,TK,INSR,NA,IGF1R,IGF1R
IRS1_890_902,TK,INSR,NA,INSR,INSR
IRS1_890_902,TK,INSR,NA,IRR,INSRR
IRS2_626_638,TK,INSR,NA,IGF1R,IGF1R
IRS2_626_638,TK,INSR,NA,INSR,INSR
IRS2_626_638,TK,INSR,NA,IRR,INSRR
KSYK_518_530,TK,SYK,NA,SYK,SYK
KSYK_518_530,TK,SYK,NA,ZAP70,ZAP70
LCK_387_399,TK,AXL,NA,AXL,AXL
LCK_387_399,TK,AXL,NA,TYRO3,TYRO3
LCK_387_399,TK,AXL,NA,MER,MERTK
LCK_387_399,TK,SRC,FRK,FRK,FRK
LCK_387_399,TK,SRC,SRCA,FGR,FGR
LCK_387_399,TK,SRC,SRCA,FYN,FYN
LCK_387_399,TK,SRC,SRCA,SRC,SRC
LCK_387_399,TK,SRC,SRCA,YES,YES1
LCK_387_399,TK,SRC,SRCB,BLK,BLK
LCK_387_399,TK,SRC,SRCB,HCK,HCK
LCK_387_399,TK,SRC,SRCB,LCK,LCK
LCK_387_399,TK,SRC,SRCB,LYN,LYN
LCK_387_399,TK,SRC,SRM,BRK,PTK6
LCK_387_399,TK,SRC,SRM,SRM,SRMS
LYN_391_403,TK,AXL,NA,AXL,AXL
LYN_391_403,TK,AXL,NA,TYRO3,TYRO3
LYN_391_403,TK,AXL,NA,MER,MERTK
LYN_391_403,TK,SRC,FRK,FRK,FRK
LYN_391_403,TK,SRC,SRCA,FGR,FGR
LYN_391_403,TK,SRC,SRCA,FYN,FYN
LYN_391_403,TK,SRC,SRCA,SRC,SRC
LYN_391_403,TK,SRC,SRCA,YES,YES1
LYN_391_403,TK,SRC,SRCB,BLK,BLK
LYN_391_403,TK,SRC,SRCB,HCK,HCK
LYN_391_403,TK,SRC,SRCB,LCK,LCK
LYN_391_403,TK,SRC,SRCB,LYN,LYN
LYN_391_403,TK,SRC,SRM,BRK,PTK6
LYN_391_403,TK,SRC,SRM,SRM,SRMS
LYN_501_512,TK,CSK,NA,CSK,CSK
LYN_501_512,TK,CSK,NA,CTK,MATK
MET_1227_1239,TK,MET,NA,MET,MET
MET_1227_1239,TK,MET,NA,RON,MST1R
MET_1228_1240,TK,MET,NA,MET,MET
MET_1228_1240,TK,MET,NA,RON,MST1R
MET_1360_1370_C1361S,TK,MET,NA,MET,MET
MET_1360_1370_C1361S,TK,MET,NA,RON,MST1R
MK01_180_192,TK,RET,NA,RET,RET
MK03_199_208,TK,RET,NA,RET,RET
MK08_181_191,TK,RET,NA,RET,RET
MK10_216_228,TK,RET,NA,RET,RET
MK12_178_190,TK,RET,NA,RET,RET
MK14_173_185,TK,RET,NA,RET,RET
MK14_177_187,TK,RET,NA,RET,RET
MPZL1_236_246,TK,SRC,FRK,FRK,FRK
MPZL1_236_246,TK,SRC,SRCA,FGR,FGR
MPZL1_236_246,TK,SRC,SRCA,FYN,FYN
MPZL1_236_246,TK,SRC,SRCA,SRC,SRC
MPZL1_236_246,TK,SRC,SRCA,YES,YES1
MPZL1_236_246,TK,SRC,SRCB,BLK,BLK
MPZL1_236_246,TK,SRC,SRCB,HCK,HCK
MPZL1_236_246,TK,SRC,SRCB,LCK,LCK
MPZL1_236_246,TK,SRC,SRCB,LYN,LYN
MPZL1_236_246,TK,SRC,SRM,BRK,PTK6
MPZL1_236_246,TK,SRC,SRM,SRM,SRMS
NTRK2_696_708,TK,ALK,NA,ALK,ALK
NTRK2_696_708,TK,ALK,NA,LTK,LTK
NTRK2_696_708,TK,SRC,FRK,FRK,FRK
NTRK2_696_708,TK,SRC,SRCA,FGR,FGR
NTRK2_696_708,TK,SRC,SRCA,FYN,FYN
NTRK2_696_708,TK,SRC,SRCA,SRC,SRC
NTRK2_696_708,TK,SRC,SRCA,YES,YES1
NTRK2_696_708,TK,SRC,SRCB,BLK,BLK
NTRK2_696_708,TK,SRC,SRCB,HCK,HCK
NTRK2_696_708,TK,SRC,SRCB,LCK,LCK
NTRK2_696_708,TK,SRC,SRCB,LYN,LYN
NTRK2_696_708,TK,SRC,SRM,BRK,PTK6
NTRK2_696_708,TK,SRC,SRM,SRM,SRMS
NTRK2_696_708,TK,INSR,NA,IGF1R,IGF1R
NTRK2_696_708,TK,INSR,NA,INSR,INSR
NTRK2_696_708,TK,INSR,NA,IRR,INSRR
P85A_600_612,TK,INSR,NA,IGF1R,IGF1R
P85A_600_612,TK,INSR,NA,INSR,INSR
P85A_600_612,TK,INSR,NA,IRR,INSRR
P85A_600_612,TK,SRC,FRK,FRK,FRK
P85A_600_612,TK,SRC,SRCA,FGR,FGR
P85A_600_612,TK,SRC,SRCA,FYN,FYN
P85A_600_612,TK,SRC,SRCA,SRC,SRC
P85A_600_612,TK,SRC,SRCA,YES,YES1
P85A_600_612,TK,SRC,SRCB,BLK,BLK
P85A_600_612,TK,SRC,SRCB,HCK,HCK
P85A_600_612,TK,SRC,SRCB,LCK,LCK
P85A_600_612,TK,SRC,SRCB,LYN,LYN
P85A_600_612,TK,SRC,SRM,BRK,PTK6
P85A_600_612,TK,SRC,SRM,SRM,SRMS
PDPK1_2_14,TK,INSR,NA,IGF1R,IGF1R
PDPK1_2_14,TK,INSR,NA,INSR,INSR
PDPK1_2_14,TK,INSR,NA,IRR,INSRR
PDPK1_2_14,TK,RET,NA,RET,RET
PDPK1_2_14,TK,SRC,FRK,FRK,FRK
PDPK1_2_14,TK,SRC,SRCA,FGR,FGR
PDPK1_2_14,TK,SRC,SRCA,FYN,FYN
PDPK1_2_14,TK,SRC,SRCA,SRC,SRC
PDPK1_2_14,TK,SRC,SRCA,YES,YES1
PDPK1_2_14,TK,SRC,SRCB,BLK,BLK
PDPK1_2_14,TK,SRC,SRCB,HCK,HCK
PDPK1_2_14,TK,SRC,SRCB,LCK,LCK
PDPK1_2_14,TK,SRC,SRCB,LYN,LYN
PDPK1_2_14,TK,SRC,SRM,BRK,PTK6
PDPK1_2_14,TK,SRC,SRM,SRM,SRMS
PDPK1_369_381,TK,INSR,NA,IGF1R,IGF1R
PDPK1_369_381,TK,INSR,NA,INSR,INSR
PDPK1_369_381,TK,INSR,NA,IRR,INSRR
PDPK1_369_381,TK,SRC,FRK,FRK,FRK
PDPK1_369_381,TK,SRC,SRCA,FGR,FGR
PDPK1_369_381,TK,SRC,SRCA,FYN,FYN
PDPK1_369_381,TK,SRC,SRCA,SRC,SRC
PDPK1_369_381,TK,SRC,SRCA,YES,YES1
PDPK1_369_381,TK,SRC,SRCB,BLK,BLK
PDPK1_369_381,TK,SRC,SRCB,HCK,HCK
PDPK1_369_381,TK,SRC,SRCB,LCK,LCK
PDPK1_369_381,TK,SRC,SRCB,LYN,LYN
PDPK1_369_381,TK,SRC,SRM,BRK,PTK6
PDPK1_369_381,TK,SRC,SRM,SRM,SRMS
PECA1_706_718,TK,FER,NA,FER,FER
PECA1_706_718,TK,FER,NA,FES,FES
PECA1_708_718,TK,INSR,NA,IGF1R,IGF1R
PECA1_708_718,TK,INSR,NA,INSR,INSR
PECA1_708_718,TK,INSR,NA,IRR,INSRR
PECA1_708_718,TK,SRC,FRK,FRK,FRK
PECA1_708_718,TK,SRC,SRCA,FGR,FGR
PECA1_708_718,TK,SRC,SRCA,FYN,FYN
PECA1_708_718,TK,SRC,SRCA,SRC,SRC
PECA1_708_718,TK,SRC,SRCA,YES,YES1
PECA1_708_718,TK,SRC,SRCB,BLK,BLK
PECA1_708_718,TK,SRC,SRCB,HCK,HCK
PECA1_708_718,TK,SRC,SRCB,LCK,LCK
PECA1_708_718,TK,SRC,SRCB,LYN,LYN
PECA1_708_718,TK,SRC,SRM,BRK,PTK6
PECA1_708_718,TK,SRC,SRM,SRM,SRMS
PECA1_708_718,TK,FER,NA,FER,FER
PECA1_708_718,TK,FER,NA,FES,FES
PLCG1_1246_1258,TK,EGFR,NA,EGFR,EGFR
PLCG1_1246_1258,TK,EGFR,NA,ERBB2,ERBB2
PLCG1_1246_1258,TK,EGFR,NA,ERBB3,ERBB3
PLCG1_1246_1258,TK,EGFR,NA,ERBB4,ERBB4
PLCG1_1246_1258,TK,SYK,NA,SYK,SYK
PLCG1_1246_1258,TK,SYK,NA,ZAP70,ZAP70
PLCG1_764_776,TK,EGFR,NA,EGFR,EGFR
PLCG1_764_776,TK,EGFR,NA,ERBB2,ERBB2
PLCG1_764_776,TK,EGFR,NA,ERBB3,ERBB3
PLCG1_764_776,TK,EGFR,NA,ERBB4,ERBB4
PLCG1_764_776,TK,SYK,NA,SYK,SYK
PLCG1_764_776,TK,SYK,NA,ZAP70,ZAP70
PLCG1_776_788,TK,EGFR,NA,EGFR,EGFR
PLCG1_776_788,TK,EGFR,NA,ERBB2,ERBB2
PLCG1_776_788,TK,EGFR,NA,ERBB3,ERBB3
PLCG1_776_788,TK,EGFR,NA,ERBB4,ERBB4
PLCG1_776_788,TK,RET,NA,RET,RET
PLCG1_776_788,TK,SRC,FRK,FRK,FRK
PLCG1_776_788,TK,SRC,SRCA,FGR,FGR
PLCG1_776_788,TK,SRC,SRCA,FYN,FYN
PLCG1_776_788,TK,SRC,SRCA,SRC,SRC
PLCG1_776_788,TK,SRC,SRCA,YES,YES1
PLCG1_776_788,TK,SRC,SRCB,BLK,BLK
PLCG1_776_788,TK,SRC,SRCB,HCK,HCK
PLCG1_776_788,TK,SRC,SRCB,LCK,LCK
PLCG1_776_788,TK,SRC,SRCB,LYN,LYN
PLCG1_776_788,TK,SRC,SRM,BRK,PTK6
PLCG1_776_788,TK,SRC,SRM,SRM,SRMS
PLCG1_776_788,TK,SYK,NA,SYK,SYK
PLCG1_776_788,TK,SYK,NA,ZAP70,ZAP70
PLCG1_777_789,TK,EGFR,NA,EGFR,EGFR
PLCG1_777_789,TK,EGFR,NA,ERBB2,ERBB2
PLCG1_777_789,TK,EGFR,NA,ERBB3,ERBB3
PLCG1_777_789,TK,EGFR,NA,ERBB4,ERBB4
PLCG1_777_789,TK,RET,NA,RET,RET
PLCG1_777_789,TK,SRC,FRK,FRK,FRK
PLCG1_777_789,TK,SRC,SRCA,FGR,FGR
PLCG1_777_789,TK,SRC,SRCA,FYN,FYN
PLCG1_777_789,TK,SRC,SRCA,SRC,SRC
PLCG1_777_789,TK,SRC,SRCA,YES,YES1
PLCG1_777_789,TK,SRC,SRCB,BLK,BLK
PLCG1_777_789,TK,SRC,SRCB,HCK,HCK
PLCG1_777_789,TK,SRC,SRCB,LCK,LCK
PLCG1_777_789,TK,SRC,SRCB,LYN,LYN
PLCG1_777_789,TK,SRC,SRM,BRK,PTK6
PLCG1_777_789,TK,SRC,SRM,SRM,SRMS
PLCG1_777_789,TK,SYK,NA,SYK,SYK
PLCG1_777_789,TK,SYK,NA,ZAP70,ZAP70
PLCG2_1211_1223,TK,SYK,NA,SYK,SYK
PLCG2_1211_1223,TK,SYK,NA,ZAP70,ZAP70
PP2AB_297_309,TK,EGFR,NA,EGFR,EGFR
PP2AB_297_309,TK,EGFR,NA,ERBB2,ERBB2
PP2AB_297_309,TK,EGFR,NA,ERBB3,ERBB3
PP2AB_297_309,TK,EGFR,NA,ERBB4,ERBB4
PP2AB_297_309,TK,INSR,NA,IGF1R,IGF1R
PP2AB_297_309,TK,INSR,NA,INSR,INSR
PP2AB_297_309,TK,INSR,NA,IRR,INSRR
PP2AB_297_309,TK,SRC,FRK,FRK,FRK
PP2AB_297_309,TK,SRC,SRCA,FGR,FGR
PP2AB_297_309,TK,SRC,SRCA,FYN,FYN
PP2AB_297_309,TK,SRC,SRCA,SRC,SRC
PP2AB_297_309,TK,SRC,SRCA,YES,YES1
PP2AB_297_309,TK,SRC,SRCB,BLK,BLK
PP2AB_297_309,TK,SRC,SRCB,HCK,HCK
PP2AB_297_309,TK,SRC,SRCB,LCK,LCK
PP2AB_297_309,TK,SRC,SRCB,LYN,LYN
PP2AB_297_309,TK,SRC,SRM,BRK,PTK6
PP2AB_297_309,TK,SRC,SRM,SRM,SRMS
PTN11_539_551,TK,PDGFR,NA,FMS,CSF1R
PTN11_539_551,TK,PDGFR,NA,FLT3,FLT3
PTN11_539_551,TK,PDGFR,NA,KIT,KIT
PTN11_539_551,TK,PDGFR,NA,PDGFRA,PDGFRA
PTN11_539_551,TK,PDGFR,NA,PDGFRB,PDGFRB
PTN11_539_551,TK,ALK,NA,ALK,ALK
PTN11_539_551,TK,ALK,NA,LTK,LTK
PTN11_541_551,TK,PDGFR,NA,FMS,CSF1R
PTN11_541_551,TK,PDGFR,NA,FLT3,FLT3
PTN11_541_551,TK,PDGFR,NA,KIT,KIT
PTN11_541_551,TK,PDGFR,NA,PDGFRA,PDGFRA
PTN11_541_551,TK,PDGFR,NA,PDGFRB,PDGFRB
PTN11_541_551,TK,ALK,NA,ALK,ALK
PTN11_541_551,TK,ALK,NA,LTK,LTK
PTN11_580_590,TK,PDGFR,NA,FMS,CSF1R
PTN11_580_590,TK,PDGFR,NA,FLT3,FLT3
PTN11_580_590,TK,PDGFR,NA,KIT,KIT
PTN11_580_590,TK,PDGFR,NA,PDGFRA,PDGFRA
PTN11_580_590,TK,PDGFR,NA,PDGFRB,PDGFRB
PTN11_580_590,TK,ALK,NA,ALK,ALK
PTN11_580_590,TK,ALK,NA,LTK,LTK
PTN6_531_541,TK,INSR,NA,IGF1R,IGF1R
PTN6_531_541,TK,INSR,NA,INSR,INSR
PTN6_531_541,TK,INSR,NA,IRR,INSRR
PTN6_531_541,TK,SRC,FRK,FRK,FRK
PTN6_531_541,TK,SRC,SRCA,FGR,FGR
PTN6_531_541,TK,SRC,SRCA,FYN,FYN
PTN6_531_541,TK,SRC,SRCA,SRC,SRC
PTN6_531_541,TK,SRC,SRCA,YES,YES1
PTN6_531_541,TK,SRC,SRCB,BLK,BLK
PTN6_531_541,TK,SRC,SRCB,HCK,HCK
PTN6_531_541,TK,SRC,SRCB,LCK,LCK
PTN6_531_541,TK,SRC,SRCB,LYN,LYN
PTN6_531_541,TK,SRC,SRM,BRK,PTK6
PTN6_531_541,TK,SRC,SRM,SRM,SRMS
PTN6_558_570,TK,SRC,FRK,FRK,FRK
PTN6_558_570,TK,SRC,SRCA,FGR,FGR
PTN6_558_570,TK,SRC,SRCA,FYN,FYN
PTN6_558_570,TK,SRC,SRCA,SRC,SRC
PTN6_558_570,TK,SRC,SRCA,YES,YES1
PTN6_558_570,TK,SRC,SRCB,BLK,BLK
PTN6_558_570,TK,SRC,SRCB,HCK,HCK
PTN6_558_570,TK,SRC,SRCB,LCK,LCK
PTN6_558_570,TK,SRC,SRCB,LYN,LYN
PTN6_558_570,TK,SRC,SRM,BRK,PTK6
PTN6_558_570,TK,SRC,SRM,SRM,SRMS
RAF1_332_344,TK,SRC,FRK,FRK,FRK
RAF1_332_344,TK,SRC,SRCA,FGR,FGR
RAF1_332_344,TK,SRC,SRCA,FYN,FYN
RAF1_332_344,TK,SRC,SRCA,SRC,SRC
RAF1_332_344,TK,SRC,SRCA,YES,YES1
RAF1_332_344,TK,SRC,SRCB,BLK,BLK
RAF1_332_344,TK,SRC,SRCB,HCK,HCK
RAF1_332_344,TK,SRC,SRCB,LCK,LCK
RAF1_332_344,TK,SRC,SRCB,LYN,LYN
RAF1_332_344,TK,SRC,SRM,BRK,PTK6
RAF1_332_344,TK,SRC,SRM,SRM,SRMS
RASA1_453_465,TK,EGFR,NA,EGFR,EGFR
RASA1_453_465,TK,EGFR,NA,ERBB2,ERBB2
RASA1_453_465,TK,EGFR,NA,ERBB3,ERBB3
RASA1_453_465,TK,EGFR,NA,ERBB4,ERBB4
RET_1022_1034,TK,RET,NA,RET,RET
RET_680_692,TK,RET,NA,RET,RET
RON_1346_1358,TK,MET,NA,MET,MET
RON_1346_1358,TK,MET,NA,RON,MST1R
RON_1353_1365,TK,MET,NA,MET,MET
RON_1353_1365,TK,MET,NA,RON,MST1R
SRC8_CHICK_492_504,TK,SRC,FRK,FRK,FRK
SRC8_CHICK_492_504,TK,SRC,SRCA,FGR,FGR
SRC8_CHICK_492_504,TK,SRC,SRCA,FYN,FYN
SRC8_CHICK_492_504,TK,SRC,SRCA,SRC,SRC
SRC8_CHICK_492_504,TK,SRC,SRCA,YES,YES1
SRC8_CHICK_492_504,TK,SRC,SRCB,BLK,BLK
SRC8_CHICK_492_504,TK,SRC,SRCB,HCK,HCK
SRC8_CHICK_492_504,TK,SRC,SRCB,LCK,LCK
SRC8_CHICK_492_504,TK,SRC,SRCB,LYN,LYN
SRC8_CHICK_492_504,TK,SRC,SRM,BRK,PTK6
SRC8_CHICK_492_504,TK,SRC,SRM,SRM,SRMS
SRC_524_536,TK,SRC,FRK,FRK,FRK
SRC_524_536,TK,SRC,SRCA,FGR,FGR
SRC_524_536,TK,SRC,SRCA,FYN,FYN
SRC_524_536,TK,SRC,SRCA,SRC,SRC
SRC_524_536,TK,SRC,SRCA,YES,YES1
SRC_524_536,TK,SRC,SRCB,BLK,BLK
SRC_524_536,TK,SRC,SRCB,HCK,HCK
SRC_524_536,TK,SRC,SRCB,LCK,LCK
SRC_524_536,TK,SRC,SRCB,LYN,LYN
SRC_524_536,TK,SRC,SRM,BRK,PTK6
SRC_524_536,TK,SRC,SRM,SRM,SRMS
SRC_524_536,TK,CSK,NA,CSK,CSK
SRC_524_536,TK,CSK,NA,CTK,MATK
STA5A_687_699,TK,SRC,FRK,FRK,FRK
STA5A_687_699,TK,SRC,SRCA,FGR,FGR
STA5A_687_699,TK,SRC,SRCA,FYN,FYN
STA5A_687_699,TK,SRC,SRCA,SRC,SRC
STA5A_687_699,TK,SRC,SRCA,YES,YES1
STA5A_687_699,TK,SRC,SRCB,BLK,BLK
STA5A_687_699,TK,SRC,SRCB,HCK,HCK
STA5A_687_699,TK,SRC,SRCB,LCK,LCK
STA5A_687_699,TK,SRC,SRCB,LYN,LYN
STA5A_687_699,TK,SRC,SRM,BRK,PTK6
STA5A_687_699,TK,SRC,SRM,SRM,SRMS
STA5A_687_699,TK,AXL,NA,AXL,AXL
STA5A_687_699,TK,AXL,NA,TYRO3,TYRO3
STA5A_687_699,TK,AXL,NA,MER,MERTK
STA5A_687_699,TK,SYK,NA,SYK,SYK
STA5A_687_699,TK,SYK,NA,ZAP70,ZAP70
STA5A_687_699,TK,EGFR,NA,EGFR,EGFR
STA5A_687_699,TK,EGFR,NA,ERBB2,ERBB2
STA5A_687_699,TK,EGFR,NA,ERBB3,ERBB3
STA5A_687_699,TK,EGFR,NA,ERBB4,ERBB4
STAT1_694_706,TK,EGFR,NA,EGFR,EGFR
STAT1_694_706,TK,EGFR,NA,ERBB2,ERBB2
STAT1_694_706,TK,EGFR,NA,ERBB3,ERBB3
STAT1_694_706,TK,EGFR,NA,ERBB4,ERBB4
STAT1_694_706,TK,SRC,FRK,FRK,FRK
STAT1_694_706,TK,SRC,SRCA,FGR,FGR
STAT1_694_706,TK,SRC,SRCA,FYN,FYN
STAT1_694_706,TK,SRC,SRCA,SRC,SRC
STAT1_694_706,TK,SRC,SRCA,YES,YES1
STAT1_694_706,TK,SRC,SRCB,BLK,BLK
STAT1_694_706,TK,SRC,SRCB,HCK,HCK
STAT1_694_706,TK,SRC,SRCB,LCK,LCK
STAT1_694_706,TK,SRC,SRCB,LYN,LYN
STAT1_694_706,TK,SRC,SRM,BRK,PTK6
STAT1_694_706,TK,SRC,SRM,SRM,SRMS
STAT3_698_710,TK,MET,NA,MET,MET
STAT3_698_710,TK,MET,NA,RON,MST1R
STAT3_698_710,TK,SRC,FRK,FRK,FRK
STAT3_698_710,TK,SRC,SRCA,FGR,FGR
STAT3_698_710,TK,SRC,SRCA,FYN,FYN
STAT3_698_710,TK,SRC,SRCA,SRC,SRC
STAT3_698_710,TK,SRC,SRCA,YES,YES1
STAT3_698_710,TK,SRC,SRCB,BLK,BLK
STAT3_698_710,TK,SRC,SRCB,HCK,HCK
STAT3_698_710,TK,SRC,SRCB,LCK,LCK
STAT3_698_710,TK,SRC,SRCB,LYN,LYN
STAT3_698_710,TK,SRC,SRM,BRK,PTK6
STAT3_698_710,TK,SRC,SRM,SRM,SRMS
STAT3_698_710,TK,FER,NA,FER,FER
STAT3_698_710,TK,FER,NA,FES,FES
STAT3_698_710,TK,AXL,NA,AXL,AXL
STAT3_698_710,TK,AXL,NA,TYRO3,TYRO3
STAT3_698_710,TK,AXL,NA,MER,MERTK
STAT3_698_710,TK,ALK,NA,ALK,ALK
STAT3_698_710,TK,ALK,NA,LTK,LTK
TEC_512_524,TK,SRC,FRK,FRK,FRK
TEC_512_524,TK,SRC,SRCA,FGR,FGR
TEC_512_524,TK,SRC,SRCA,FYN,FYN
TEC_512_524,TK,SRC,SRCA,SRC,SRC
TEC_512_524,TK,SRC,SRCA,YES,YES1
TEC_512_524,TK,SRC,SRCB,BLK,BLK
TEC_512_524,TK,SRC,SRCB,HCK,HCK
TEC_512_524,TK,SRC,SRCB,LCK,LCK
TEC_512_524,TK,SRC,SRCB,LYN,LYN
TEC_512_524,TK,SRC,SRM,BRK,PTK6
TEC_512_524,TK,SRC,SRM,SRM,SRMS
TEC_512_524,TK,SYK,NA,SYK,SYK
TEC_512_524,TK,SYK,NA,ZAP70,ZAP70
VGFR1_1040_1052,TK,SRC,FRK,FRK,FRK
VGFR1_1040_1052,TK,SRC,SRCA,FGR,FGR
VGFR1_1040_1052,TK,SRC,SRCA,FYN,FYN
VGFR1_1040_1052,TK,SRC,SRCA,SRC,SRC
VGFR1_1040_1052,TK,SRC,SRCA,YES,YES1
VGFR1_1040_1052,TK,SRC,SRCB,BLK,BLK
VGFR1_1040_1052,TK,SRC,SRCB,HCK,HCK
VGFR1_1040_1052,TK,SRC,SRCB,LCK,LCK
VGFR1_1040_1052,TK,SRC,SRCB,LYN,LYN
VGFR1_1040_1052,TK,SRC,SRM,BRK,PTK6
VGFR1_1040_1052,TK,SRC,SRM,SRM,SRMS
VGFR1_1046_1058_Y1048F,TK,SRC,FRK,FRK,FRK
VGFR1_1046_1058_Y1048F,TK,SRC,SRCA,FGR,FGR
VGFR1_1046_1058_Y1048F,TK,SRC,SRCA,FYN,FYN
VGFR1_1046_1058_Y1048F,TK,SRC,SRCA,SRC,SRC
VGFR1_1046_1058_Y1048F,TK,SRC,SRCA,YES,YES1
VGFR1_1046_1058_Y1048F,TK,SRC,SRCB,BLK,BLK
VGFR1_1046_1058_Y1048F,TK,SRC,SRCB,HCK,HCK
VGFR1_1046_1058_Y1048F,TK,SRC,SRCB,LCK,LCK
VGFR1_1046_1058_Y1048F,TK,SRC,SRCB,LYN,LYN
VGFR1_1046_1058_Y1048F,TK,SRC,SRM,BRK,PTK6
VGFR1_1046_1058_Y1048F,TK,SRC,SRM,SRM,SRMS
VGFR2_1046_1058,TK,SRC,FRK,FRK,FRK
VGFR2_1046_1058,TK,SRC,SRCA,FGR,FGR
VGFR2_1046_1058,TK,SRC,SRCA,FYN,FYN
VGFR2_1046_1058,TK,SRC,SRCA,SRC,SRC
VGFR2_1046_1058,TK,SRC,SRCA,YES,YES1
VGFR2_1046_1058,TK,SRC,SRCB,BLK,BLK
VGFR2_1046_1058,TK,SRC,SRCB,HCK,HCK
VGFR2_1046_1058,TK,SRC,SRCB,LCK,LCK
VGFR2_1046_1058,TK,SRC,SRCB,LYN,LYN
VGFR2_1046_1058,TK,SRC,SRM,BRK,PTK6
VGFR2_1046_1058,TK,SRC,SRM,SRM,SRMS
VGFR2_1052_1064,TK,SRC,FRK,FRK,FRK
VGFR2_1052_1064,TK,SRC,SRCA,FGR,FGR
VGFR2_1052_1064,TK,SRC,SRCA,FYN,FYN
VGFR2_1052_1064,TK,SRC,SRCA,SRC,SRC
VGFR2_1052_1064,TK,SRC,SRCA,YES,YES1
VGFR2_1052_1064,TK,SRC,SRCB,BLK,BLK
VGFR2_1052_1064,TK,SRC,SRCB,HCK,HCK
VGFR2_1052_1064,TK,SRC,SRCB,LCK,LCK
VGFR2_1052_1064,TK,SRC,SRCB,LYN,LYN
VGFR2_1052_1064,TK,SRC,SRM,BRK,PTK6
VGFR2_1052_1064,TK,SRC,SRM,SRM,SRMS
VGFR2_1168_1180,TK,SRC,FRK,FRK,FRK
VGFR2_1168_1180,TK,SRC,SRCA,FGR,FGR
VGFR2_1168_1180,TK,SRC,SRCA,FYN,FYN
VGFR2_1168_1180,TK,SRC,SRCA,SRC,SRC
VGFR2_1168_1180,TK,SRC,SRCA,YES,YES1
VGFR2_1168_1180,TK,SRC,SRCB,BLK,BLK
VGFR2_1168_1180,TK,SRC,SRCB,HCK,HCK
VGFR2_1168_1180,TK,SRC,SRCB,LCK,LCK
VGFR2_1168_1180,TK,SRC,SRCB,LYN,LYN
VGFR2_1168_1180,TK,SRC,SRM,BRK,PTK6
VGFR2_1168_1180,TK,SRC,SRM,SRM,SRMS
VGFR3_1061_1073,TK,SRC,FRK,FRK,FRK
VGFR3_1061_1073,TK,SRC,SRCA,FGR,FGR
VGFR3_1061_1073,TK,SRC,SRCA,FYN,FYN
VGFR3_1061_1073,TK,SRC,SRCA,SRC,SRC
VGFR3_1061_1073,TK,SRC,SRCA,YES,YES1
VGFR3_1061_1073,TK,SRC,SRCB,BLK,BLK
VGFR3_1061_1073,TK,SRC,SRCB,HCK,HCK
VGFR3_1061_1073,TK,SRC,SRCB,LCK,LCK
VGFR3_1061_1073,TK,SRC,SRCB,LYN,LYN
VGFR3_1061_1073,TK,SRC,SRM,BRK,PTK6
VGFR3_1061_1073,TK,SRC,SRM,SRM,SRMS
YES_420_432,TK,AXL,NA,AXL,AXL
YES_420_432,TK,AXL,NA,TYRO3,TYRO3
YES_420_432,TK,AXL,NA,MER,MERTK
YES_420_432,TK,SRC,FRK,FRK,FRK
YES_420_432,TK,SRC,SRCA,FGR,FGR
YES_420_432,TK,SRC,SRCA,FYN,FYN
YES_420_432,TK,SRC,SRCA,SRC,SRC
YES_420_432,TK,SRC,SRCA,YES,YES1
YES_420_432,TK,SRC,SRCB,BLK,BLK
YES_420_432,TK,SRC,SRCB,HCK,HCK
YES_420_432,TK,SRC,SRCB,LCK,LCK
YES_420_432,TK,SRC,SRCB,LYN,LYN
YES_420_432,TK,SRC,SRM,BRK,PTK6
YES_420_432,TK,SRC,SRM,SRM,SRMS
ZAP70_313_325,TK,SYK,NA,SYK,SYK
ZAP70_313_325,TK,SYK,NA,ZAP70,ZAP70
AKT1_170_182,TK,ACK,NA,ACK,TNK2
AKT1_309_321_C310S,AGC,AKT,NA,AKT1,AKT1
AKT1_309_321_C310S,TK,ABL,NA,ABL1,ABL1
AKT1_320_332,AGC,AKT,NA,AKT1,AKT1
ANXA1_14_26,TK,ABL,NA,ABL1,ABL1
ANXA2_17_29,TK,INSR,NA,IGF1R,IGF1R
ARAF_297_307,TK,JAK,NA,JAK2,JAK2
CBL_693_705,TK,ABL,NA,ABL1,ABL1
CBL_693_705,TK,SRC,SRCB,LCK,LCK
CBL_693_705,TK,SRC,SRCA,FYN,FYN
CBL_693_705,TK,SRC,SRCA,YES,YES1
CBL_693_705,TK,SRC,SRM,BRK,PTK6
CD28_185_197,TK,SRC,SRCB,LCK,LCK
CD28_185_197,TK,TEC,NA,ITK,ITK
CD28_203_215,TK,TEC,NA,ITK,ITK
CD3E_182_194,TK,SRC,SRCB,LCK,LCK
CD3E_182_194,TK,SRC,SRCA,FYN,FYN
CD3E_193_205,TK,SRC,SRCB,LCK,LCK
CD3E_193_205,TK,SRC,SRCA,FYN,FYN
CD3Z_105_117,TK,SRC,SRCA,FYN,FYN
CD3Z_116_128,TK,SRC,SRCA,FYN,FYN
CD3Z_117_129,TK,SRC,SRCA,FYN,FYN
CD3Z_135_147,TK,SRC,SRCB,LCK,LCK
CD79A_181_193,TK,SRC,SRCB,LYN,LYN
CDK1_9_21,TK,EGFR,NA,ERBB2,ERBB2
CDK1_9_21,OTHER,WEE,NA,WEE1,WEE1
CDK1_9_21,AGC,PKC,DELTA,PKCD,PRKCD
CDK1_9_21,OTHER,WEE,NA,MYT1,PKMYT1
CDK1_9_21,CMGC,CDK,CDC2,CDK2,CDK2
CDK1_9_21,CMGC,CDK,CDC2,CDK3,CDK3
CDK1_9_21,TK,ABL,NA,ABL1,ABL1
CDK1_9_21,TK,EPH,NA,EPHA4,EPHA4
CDK2_8_20,TK,EGFR,NA,ERBB2,ERBB2
CDK2_8_20,OTHER,WEE,NA,WEE1,WEE1
CDK2_8_20,AGC,PKC,DELTA,PKCD,PRKCD
CDK2_8_20,OTHER,WEE,NA,MYT1,PKMYT1
CDK2_8_20,CMGC,CDK,CDC2,CDK2,CDK2
CDK2_8_20,CMGC,CDK,CDC2,CDK3,CDK3
CDK2_8_20,TK,ABL,NA,ABL1,ABL1
CDK2_8_20,TK,EPH,NA,EPHA4,EPHA4
CDK4_11_23,OTHER,WEE,NA,WEE1,WEE1
CDK4_11_23,CMGC,CDK,CDC2,CDK2,CDK2
CDK4_11_23,CMGC,CDK,CDC2,CDK3,CDK3
CDK4_11_23,TK,ABL,NA,ABL1,ABL1
CDK4_11_23,TK,EPH,NA,EPHA4,EPHA4
CRK_214_226,TK,ABL,NA,ABL1,ABL1
CRK_214_226,TK,INSR,NA,IGF1R,IGF1R
CRK_214_226,TK,ABL,NA,ABL2,ABL2
CTNB1_79_91,TK,ABL,NA,ABL1,ABL1
DDR1_506_518,TK,DDR,NA,DDR1,DDR1
DYR1A_312_324,CMGC,DYRK,DYRK1,DYRK1B,DYRK1B
EGFR_1062_1074,TK,JAK,NA,JAK2,JAK2
EGFR_1190_1202,TK,ABL,NA,ABL1,ABL1
EPHA2_581_593,TK,EPH,NA,EPHA2,EPHA2
EPHA2_765_777,TK,EPH,NA,EPHA2,EPHA2
EPHA2_765_777,TK,EPH,NA,EPHA3,EPHA3
EPHA4_589_601,TK,EPH,NA,EPHA4,EPHA4
EPHA7_607_619,TK,EPH,NA,EPHA2,EPHA2
EPHA7_607_619,TK,EPH,NA,EPHA3,EPHA3
EPHA7_607_619,TK,EPH,NA,EPHA4,EPHA4
EPHA7_607_619,TK,EPH,NA,EPHB1,EPHB1
EPHA7_607_619,TK,EPH,NA,EPHB2,EPHB2
EPHA7_607_619,TK,EPH,NA,EPHB3,EPHB3
EPHB1_921_933,TK,EPH,NA,EPHB1,EPHB1
EPOR_361_373,TK,JAK,NA,JAK2,JAK2
EPOR_361_373,TK,SRC,SRCB,LYN,LYN
EPOR_419_431,TK,JAK,NA,JAK2,JAK2
ERBB2_870_882,TK,EGFR,NA,ERBB2,ERBB2
FAK1_569_581,TK,TEC,NA,BMX,BMX
FAK1_569_581,TK,FAK,NA,FAK,PTK2
FAK1_569_581,TK,FAK,NA,PYK2,PTK2B
FAK2_572_584,TK,TEC,NA,BMX,BMX
FAK2_572_584,TK,FAK,NA,FAK,PTK2
FAK2_572_584,TK,FAK,NA,PYK2,PTK2B
FES_706_718,TK,FER,NA,FES,FES
FGFR1_761_773,TK,FGFR,NA,FGFR1,FGFR1
FGFR1_761_773,TK,FGFR,NA,FGFR2,FGFR2
FGFR1_761_773,TK,FGFR,NA,FGFR3,FGFR3
FGFR2_762_774,TK,FGFR,NA,FGFR1,FGFR1
FGFR2_762_774,TK,FGFR,NA,FGFR2,FGFR2
FGFR2_762_774,TK,FGFR,NA,FGFR3,FGFR3
FGFR3_641_653,TK,FGFR,NA,FGFR1,FGFR1
FGFR3_641_653,TK,TEC,NA,BMX,BMX
FGFR3_641_653,TK,FGFR,NA,FGFR3,FGFR3
FGFR3_641_653,TK,FGFR,NA,FGFR4,FGFR4
FGFR3_753_765,TK,FGFR,NA,FGFR2,FGFR2
FGFR3_753_765,TK,FGFR,NA,FGFR3,FGFR3
GAB2_638_648,TK,JAK,NA,JAK2,JAK2
GSK3B_210_222_C218S,CMGC,GSK,NA,GSK3A,GSK3A
GSK3B_210_222_C218S,CMGC,GSK,NA,GSK3B,GSK3B
GSK3B_210_222_C218S,STE,STE7,MAP2K(MEK1),MAP2K1,MAP2K1
HAVR2_257_267,TK,TEC,NA,ITK,ITK
JAK1_1015_1027,TK,JAK,NA,JAK3,JAK3
JAK1_1027_1039,TK,JAK,NA,JAK3,JAK3
JAK2_1001_1013,TK,JAK,NA,JAK2,JAK2
JAK2_1001_1013,TK,ABL,NA,ABL1,ABL1
JAK2_1001_1013,TK,JAK,NA,JAK1,JAK1
JAK2_1001_1013,TK,JAK,NA,JAK3,JAK3
JAK2_563_577,TK,JAK,NA,JAK2,JAK2
JAK3_974_986,TK,JAK,NA,JAK2,JAK2
JAK3_974_986,TK,ABL,NA,ABL1,ABL1
JAK3_974_986,TK,JAK,NA,JAK1,JAK1
JAK3_974_986,TK,JAK,NA,JAK3,JAK3
KIT_930_942_C942S,TK,PDGFR,NA,KIT,KIT
KIT_930_942_C942S,AGC,PKC,ALPHA,PKCA,PRKCA
LAT_194_206,TK,SRC,SRCB,LCK,LCK
LAT_194_206,TK,SYK,NA,ZAP70,ZAP70
LAT_249_261,TK,SRC,SRCB,LCK,LCK
LAT_249_261,TK,SYK,NA,ZAP70,ZAP70
LCK_387_399,TK,PDGFR,NA,PDGFRB,PDGFRB
LCK_387_399,TK,PDGFR,NA,PDGFRA,PDGFRA
LCK_387_399,AGC,PKA,NA,PKACA,PRKACA
LYN_391_403,TK,PDGFR,NA,PDGFRB,PDGFRB
LYN_391_403,TK,PDGFR,NA,PDGFRA,PDGFRA
LYN_391_403,AGC,PKA,NA,PKACA,PRKACA
LYN_501_512,TK,SRC,SRCB,HCK,HCK
LYN_501_512,TK,SRC,SRCB,LCK,LCK
MET_1227_1239,TK,TEC,NA,BMX,BMX
MET_1228_1240,TK,TEC,NA,BMX,BMX
MK01_180_192,TK,JAK,NA,JAK2,JAK2
MK01_180_192,TKL,RAF,RAF,RAF1,RAF1
MK01_180_192,TK,SRC,SRCB,LYN,LYN
MK01_180_192,CMGC,MAPK,ERK1,ERK2,MAPK1
MK01_180_192,STE,STE7,MAP2K(MEK1),MAP2K2,MAP2K2
MK01_180_192,STE,STE7,MAP2K(MEK1),MAP2K1,MAP2K1
MK01_180_192,STE,STE7,MAP2K(MEK7),MAP2K7,MAP2K7
MK01_180_192,CMGC,MAPK,ERK1,ERK1,MAPK3
MK01_180_192,STE,STE7,MAP2K(MEK4),MAP2K4,MAP2K4
MK01_180_192,STE,STE7,MAP2K(MEK3),MAP2K3,MAP2K3
MK01_180_192,STE,STE7,MAP2K(MEK3),MAP2K6,MAP2K6
MK03_199_208,TK,JAK,NA,JAK2,JAK2
MK03_199_208,TKL,RAF,RAF,RAF1,RAF1
MK03_199_208,TK,SRC,SRCB,LYN,LYN
MK03_199_208,CMGC,MAPK,ERK1,ERK2,MAPK1
MK03_199_208,STE,STE7,MAP2K(MEK1),MAP2K2,MAP2K2
MK03_199_208,STE,STE7,MAP2K(MEK1),MAP2K1,MAP2K1
MK03_199_208,STE,STE7,MAP2K(MEK7),MAP2K7,MAP2K7
MK03_199_208,CMGC,MAPK,ERK1,ERK1,MAPK3
MK03_199_208,STE,STE7,MAP2K(MEK4),MAP2K4,MAP2K4
MK03_199_208,STE,STE7,MAP2K(MEK3),MAP2K3,MAP2K3
MK03_199_208,STE,STE7,MAP2K(MEK3),MAP2K6,MAP2K6
MK03_199_208,STE,STE7,MAP2K(MEK5),MAP2K5,MAP2K5
MK07_211_223,STE,STE7,MAP2K(MEK5),MAP2K5,MAP2K5
MK07_212_224,STE,STE7,MAP2K(MEK5),MAP2K5,MAP2K5
MK08_181_191,STE,STE7,MAP2K(MEK7),MAP2K7,MAP2K7
MK08_181_191,STE,STE11,ASK,MAP3K6,MAP3K6
MK08_181_191,STE,STE7,MAP2K(MEK4),MAP2K4,MAP2K4
MK08_181_191,STE,STE11,ASK,MAP3K5,MAP3K5
MK08_181_191,STE,STE7,MAP2K(MEK3),MAP2K3,MAP2K3
MK08_181_191,STE,STE7,MAP2K(MEK3),MAP2K6,MAP2K6
MK10_216_228,STE,STE7,MAP2K(MEK7),MAP2K7,MAP2K7
MK10_216_228,STE,STE11,ASK,MAP3K6,MAP3K6
MK10_216_228,STE,STE7,MAP2K(MEK4),MAP2K4,MAP2K4
MK10_216_228,STE,STE11,ASK,MAP3K5,MAP3K5
MK12_178_190,TK,SRC,SRCA,FYN,FYN
MK12_178_190,STE,STE7,MAP2K(MEK4),MAP2K4,MAP2K4
MK12_178_190,STE,STE7,MAP2K(MEK3),MAP2K3,MAP2K3
MK12_178_190,STE,STE7,MAP2K(MEK3),MAP2K6,MAP2K6
MK12_178_190,STE,STE20,PAK(PAKA),PAK1,PAK1
MK12_178_190,STE,STE7,MAP2K(MEK7),MAP2K7,MAP2K7
MK12_178_190,STE,STE11,ASK,MAP3K6,MAP3K6
MK12_178_190,TK,SRC,SRCA,FGR,FGR
MK12_178_190,STE,STE7,MAP2K(MEK1),MAP2K1,MAP2K1
MK12_178_190,CMGC,MAPK,P38,P38A,MAPK14
MK12_178_190,STE,STE11,ASK,MAP3K5,MAP3K5
MK12_180_189_M182B,STE,STE7,MAP2K(MEK4),MAP2K4,MAP2K4
MK12_180_189_M182B,STE,STE7,MAP2K(MEK3),MAP2K3,MAP2K3
MK12_180_189_M182B,STE,STE7,MAP2K(MEK3),MAP2K6,MAP2K6
MK14_173_185,TK,SRC,SRCA,FYN,FYN
MK14_173_185,STE,STE7,MAP2K(MEK4),MAP2K4,MAP2K4
MK14_173_185,STE,STE7,MAP2K(MEK3),MAP2K3,MAP2K3
MK14_173_185,STE,STE7,MAP2K(MEK3),MAP2K6,MAP2K6
MK14_173_185,STE,STE20,PAK(PAKA),PAK1,PAK1
MK14_173_185,STE,STE7,MAP2K(MEK7),MAP2K7,MAP2K7
MK14_173_185,STE,STE11,ASK,MAP3K6,MAP3K6
MK14_173_185,TK,SRC,SRCA,FGR,FGR
MK14_173_185,STE,STE7,MAP2K(MEK1),MAP2K1,MAP2K1
MK14_173_185,CMGC,MAPK,P38,P38A,MAPK14
MK14_173_185,STE,STE11,ASK,MAP3K5,MAP3K5
MK14_177_187,TK,JAK,NA,JAK2,JAK2
MK14_177_187,TKL,RAF,RAF,RAF1,RAF1
MK14_177_187,TK,SRC,SRCB,LYN,LYN
MK14_177_187,CMGC,MAPK,ERK1,ERK2,MAPK1
MK14_177_187,STE,STE7,MAP2K(MEK1),MAP2K2,MAP2K2
MK14_177_187,STE,STE7,MAP2K(MEK1),MAP2K1,MAP2K1
MK14_177_187,STE,STE7,MAP2K(MEK7),MAP2K7,MAP2K7
MK14_177_187,CMGC,MAPK,ERK1,ERK1,MAPK3
MK14_177_187,STE,STE7,MAP2K(MEK4),MAP2K4,MAP2K4
MK14_177_187,STE,STE7,MAP2K(MEK3),MAP2K3,MAP2K3
MK14_177_187,STE,STE7,MAP2K(MEK3),MAP2K6,MAP2K6
MK14_177_187,STE,STE7,MAP2K(MEK5),MAP2K5,MAP2K5
MK14_177_187,TK,SRC,SRCA,FYN,FYN
MK14_177_187,STE,STE20,PAK(PAKA),PAK1,PAK1
MK14_177_187,STE,STE11,ASK,MAP3K6,MAP3K6
MK14_177_187,TK,SRC,SRCA,FGR,FGR
MK14_177_187,CMGC,MAPK,P38,P38A,MAPK14
MK14_177_187,STE,STE11,ASK,MAP3K5,MAP3K5
NTRK1_489_501,TK,TRK,NA,TRKA,NTRK1
NTRK2_509_521,TK,TRK,NA,TRKB,NTRK2
NTRK2_696_708,TK,DDR,NA,DDR2,DDR2
NTRK2_696_708,TK,AXL,NA,MER,MERTK
NTRK2_696_708,TK,TRK,NA,TRKA,NTRK1
NTRK2_696_708,TK,TRK,NA,TRKB,NTRK2
PAXI_111_123,TK,ABL,NA,ABL1,ABL1
PAXI_111_123,TK,SRC,SRCA,FYN,FYN
PAXI_111_123,TK,VEGFR,NA,KDR,KDR
PAXI_111_123,TK,FAK,NA,FAK,PTK2
PAXI_111_123,TK,SRC,SRM,BRK,PTK6
PAXI_24_36,TK,ABL,NA,ABL1,ABL1
PAXI_24_36,TK,VEGFR,NA,KDR,KDR
PAXI_24_36,TK,FAK,NA,FAK,PTK2
PAXI_24_36,TK,SRC,SRM,BRK,PTK6
PECA1_706_718,TK,SRC,SRCB,LCK,LCK
PECA1_706_718,TK,SRC,SRCA,FYN,FYN
PGFRB_1002_1014,TK,PDGFR,NA,PDGFRB,PDGFRB
PGFRB_1014_1028,TK,PDGFR,NA,PDGFRB,PDGFRB
PGFRB_572_584,TK,PDGFR,NA,PDGFRB,PDGFRB
PGFRB_572_584,TK,PDGFR,NA,PDGFRA,PDGFRA
PGFRB_709_721,TK,PDGFR,NA,PDGFRB,PDGFRB
PGFRB_768_780,TK,PDGFR,NA,PDGFRB,PDGFRB
PGFRB_771_783,TK,PDGFR,NA,PDGFRB,PDGFRB
PLCG1_1246_1258,TK,TRK,NA,TRKA,NTRK1
PLCG1_1246_1258,TK,SRC,SRCB,HCK,HCK
PLCG1_764_776,TK,ABL,NA,ABL1,ABL1
PLCG1_764_776,TK,TRK,NA,TRKA,NTRK1
PLCG1_764_776,TK,SRC,SRCB,LYN,LYN
PLCG1_764_776,TK,SRC,SRCB,HCK,HCK
PLCG1_764_776,TK,TEC,NA,BTK,BTK
PLCG1_776_788,TK,TRK,NA,TRKA,NTRK1
PLCG1_776_788,TK,TEC,NA,TXK,TXK
PLCG1_776_788,TK,TEC,NA,BTK,BTK
PLCG1_776_788,TK,TEC,NA,ITK,ITK
PLCG1_777_789,TK,TRK,NA,TRKA,NTRK1
PLCG1_777_789,TK,TEC,NA,TXK,TXK
PLCG1_777_789,TK,TEC,NA,BTK,BTK
PLCG1_777_789,TK,TEC,NA,ITK,ITK
PLCG2_1191_1203_C1200S,TK,SRC,SRCB,LCK,LCK
PLCG2_1191_1203_C1200S,TK,TEC,NA,BTK,BTK
PLCG2_1211_1223,TK,SRC,SRCB,LCK,LCK
PLCG2_1211_1223,TK,TEC,NA,BTK,BTK
PTN11_539_551,TK,JAK,NA,JAK2,JAK2
PTN11_539_551,TK,SRC,SRCA,FYN,FYN
PTN11_541_551,TK,JAK,NA,JAK2,JAK2
PTN11_541_551,TK,SRC,SRCA,FYN,FYN
PTN11_580_590,TK,JAK,NA,JAK2,JAK2
PTN6_531_541,TK,ABL,NA,ABL1,ABL1
PTN6_558_570,TK,ABL,NA,ABL1,ABL1
RAF1_332_344,TK,JAK,NA,JAK2,JAK2
RASA1_453_465,TK,SRC,SRCB,LCK,LCK
RASA1_453_465,TK,PDGFR,NA,PDGFRB,PDGFRB
RASA1_453_465,TK,PDGFR,NA,PDGFRA,PDGFRA
RB_804_816,TK,ABL,NA,ABL1,ABL1
SRC8_CHICK_492_504,TK,ABL,NA,ABL1,ABL1
STA5A_687_699,TK,JAK,NA,JAK2,JAK2
STA5A_687_699,TK,PDGFR,NA,KIT,KIT
STA5A_687_699,TK,JAK,NA,JAK3,JAK3
STA5A_687_699,TK,TEC,NA,BTK,BTK
STAT1_694_706,TK,JAK,NA,JAK2,JAK2
STAT1_694_706,TK,PDGFR,NA,KIT,KIT
STAT1_694_706,TK,FGFR,NA,FGFR4,FGFR4
STAT1_694_706,TK,FGFR,NA,FGFR3,FGFR3
STAT1_694_706,TK,JAK,NA,JAK1,JAK1
STAT1_694_706,TK,JAK,NA,TYK2,TYK2
STAT1_694_706,TK,JAK,NA,JAK3,JAK3
STAT2_684_696,TK,JAK,NA,JAK2,JAK2
STAT2_684_696,TK,SRC,SRCB,LCK,LCK
STAT2_684_696,TK,JAK,NA,JAK1,JAK1
STAT2_684_696,TK,JAK,NA,TYK2,TYK2
STAT2_684_696,TK,JAK,NA,JAK3,JAK3
STAT3_698_710,TK,JAK,NA,JAK2,JAK2
STAT3_698_710,TK,PDGFR,NA,KIT,KIT
STAT3_698_710,TK,FGFR,NA,FGFR4,FGFR4
STAT3_698_710,TK,FGFR,NA,FGFR3,FGFR3
STAT3_698_710,TK,JAK,NA,JAK1,JAK1
STAT3_698_710,TK,EPH,NA,EPHA3,EPHA3
STAT3_698_710,TK,JAK,NA,TYK2,TYK2
STAT3_698_710,TK,JAK,NA,JAK3,JAK3
STAT4_686_698,TK,JAK,NA,JAK2,JAK2
STAT4_686_698,TK,JAK,NA,JAK1,JAK1
STAT4_686_698,TK,JAK,NA,TYK2,TYK2
STAT4_686_698,TK,JAK,NA,JAK3,JAK3
STAT6_634_646,TK,JAK,NA,JAK2,JAK2
STAT6_634_646,TK,JAK,NA,JAK1,JAK1
STAT6_634_646,TK,JAK,NA,JAK3,JAK3
TEC_512_524,TK,TEC,NA,BMX,BMX
TEC_512_524,TK,TEC,NA,BTK,BTK
TEC_512_524,TK,JAK,NA,JAK2,JAK2
TEC_512_524,TK,TEC,NA,TXK,TXK
TIE2_986_998,TK,TIE,NA,TIE2,TEK
TYK2_1048_1060,TK,JAK,NA,JAK1,JAK1
TYK2_1048_1060,TK,JAK,NA,TYK2,TYK2
TYRO3_679_691,TK,AXL,NA,MER,MERTK
VGFR1_1040_1052,TK,VEGFR,NA,KDR,KDR
VGFR1_1046_1058_Y1048F,TK,VEGFR,NA,KDR,KDR
VGFR1_1049_1061,TK,VEGFR,NA,KDR,KDR
VGFR1_1162_1174,TK,VEGFR,NA,FLT1,FLT1
VGFR1_1206_1218,TK,VEGFR,NA,FLT1,FLT1
VGFR1_1235_1247,TK,VEGFR,NA,FLT1,FLT1
VGFR1_1320_1332_C1320K/C1321K,TK,VEGFR,NA,FLT1,FLT1
VGFR1_1320_1332_C1320S/C1321S,TK,VEGFR,NA,FLT1,FLT1
VGFR1_1326_1338,TK,VEGFR,NA,FLT1,FLT1
VGFR2_1046_1058,TK,VEGFR,NA,KDR,KDR
VGFR2_1052_1064,TK,VEGFR,NA,KDR,KDR
VGFR2_1168_1180,TK,VEGFR,NA,KDR,KDR
VGFR2_1207_1219_C1208S,TK,VEGFR,NA,KDR,KDR
VGFR2_944_956,TK,VEGFR,NA,KDR,KDR
VGFR2_989_1001,TK,VEGFR,NA,KDR,KDR
VGFR3_1061_1073,TK,VEGFR,NA,KDR,KDR
YES_420_432,TK,PDGFR,NA,PDGFRB,PDGFRB
YES_420_432,TK,PDGFR,NA,PDGFRA,PDGFRA
YES_420_432,AGC,PKA,NA,PKACA,PRKACA
ZAP70_313_325,TK,SRC,SRCB,LCK,LCK
ZAP70_313_325,TK,ABL,NA,ABL1,ABL1
ZAP70_485_497,TK,SRC,SRCB,LCK,LCK
ZAP70_485_497,TK,SYK,NA,ZAP70,ZAP70
